relative_path,subject_id,emotion_code,split
AF01\AF01AFHL.JPG,F01,AF,train
AF01\AF01AFHR.JPG,F01,AF,train
AF01\AF01AFS.JPG,F01,AF,train
AF01\AF01ANHL.JPG,F01,AN,train
AF01\AF01ANHR.JPG,F01,AN,train
AF01\AF01ANS.JPG,F01,AN,train
AF01\AF01DIHL.JPG,F01,DI,train
AF01\AF01DIHR.JPG,F01,DI,train
AF01\AF01DIS.JPG,F01,DI,train
AF01\AF01HAHL.JPG,F01,HA,train
AF01\AF01HAHR.JPG,F01,HA,train
AF01\AF01HAS.JPG,F01,HA,train
AF01\AF01NEHL.JPG,F01,NE,train
AF01\AF01NEHR.JPG,F01,NE,train
AF01\AF01NES.JPG,F01,NE,train
AF01\AF01SAHL.JPG,F01,SA,train
AF01\AF01SAHR.JPG,F01,SA,train
AF01\AF01SAS.JPG,F01,SA,train
AF01\AF01SUHL.JPG,F01,SU,train
AF01\AF01SUHR.JPG,F01,SU,train
AF01\AF01SUS.JPG,F01,SU,train
AF02\AF02AFHL.JPG,F02,AF,test
AF02\AF02AFHR.JPG,F02,AF,test
AF02\AF02AFS.JPG,F02,AF,test
AF02\AF02ANHL.JPG,F02,AN,test
AF02\AF02ANHR.JPG,F02,AN,test
AF02\AF02ANS.JPG,F02,AN,test
AF02\AF02DIHL.JPG,F02,DI,test
AF02\AF02DIHR.JPG,F02,DI,test
AF02\AF02DIS.JPG,F02,DI,test
AF02\AF02HAHL.JPG,F02,HA,test
AF02\AF02HAHR.JPG,F02,HA,test
AF02\AF02HAS.JPG,F02,HA,test
AF02\AF02NEHL.JPG,F02,NE,test
AF02\AF02NEHR.JPG,F02,NE,test
AF02\AF02NES.JPG,F02,NE,test
AF02\AF02SAHL.JPG,F02,SA,test
AF02\AF02SAHR.JPG,F02,SA,test
AF02\AF02SAS.JPG,F02,SA,test
AF02\AF02SUHL.JPG,F02,SU,test
AF02\AF02SUHR.JPG,F02,SU,test
AF02\AF02SUS.JPG,F02,SU,test
AF03\AF03AFHL.JPG,F03,AF,train
AF03\AF03AFHR.JPG,F03,AF,train
AF03\AF03AFS.JPG,F03,AF,train
AF03\AF03ANHL.JPG,F03,AN,train
AF03\AF03ANHR.JPG,F03,AN,train
AF03\AF03ANS.JPG,F03,AN,train
AF03\AF03DIHL.JPG,F03,DI,train
AF03\AF03DIHR.JPG,F03,DI,train
AF03\AF03DIS.JPG,F03,DI,train
AF03\AF03HAHL.JPG,F03,HA,train
AF03\AF03HAHR.JPG,F03,HA,train
AF03\AF03HAS.JPG,F03,HA,train
AF03\AF03NEHL.JPG,F03,NE,train
AF03\AF03NEHR.JPG,F03,NE,train
AF03\AF03NES.JPG,F03,NE,train
AF03\AF03SAHL.JPG,F03,SA,train
AF03\AF03SAHR.JPG,F03,SA,train
AF03\AF03SAS.JPG,F03,SA,train
AF03\AF03SUHL.JPG,F03,SU,train
AF03\AF03SUHR.JPG,F03,SU,train
AF03\AF03SUS.JPG,F03,SU,train
AF04\AF04AFHL.JPG,F04,AF,train
AF04\AF04AFHR.JPG,F04,AF,train
AF04\AF04AFS.JPG,F04,AF,train
AF04\AF04ANHL.JPG,F04,AN,train
AF04\AF04ANHR.JPG,F04,AN,train
AF04\AF04ANS.JPG,F04,AN,train
AF04\AF04DIHL.JPG,F04,DI,train
AF04\AF04DIHR.JPG,F04,DI,train
AF04\AF04DIS.JPG,F04,DI,train
AF04\AF04HAHL.JPG,F04,HA,train
AF04\AF04HAHR.JPG,F04,HA,train
AF04\AF04HAS.JPG,F04,HA,train
AF04\AF04NEHL.JPG,F04,NE,train
AF04\AF04NEHR.JPG,F04,NE,train
AF04\AF04NES.JPG,F04,NE,train
AF04\AF04SAHL.JPG,F04,SA,train
AF04\AF04SAHR.JPG,F04,SA,train
AF04\AF04SAS.JPG,F04,SA,train
AF04\AF04SUHL.JPG,F04,SU,train
AF04\AF04SUHR.JPG,F04,SU,train
AF04\AF04SUS.JPG,F04,SU,train
AF05\AF05AFHL.JPG,F05,AF,train
AF05\AF05AFHR.JPG,F05,AF,train
AF05\AF05AFS.JPG,F05,AF,train
AF05\AF05ANHL.JPG,F05,AN,train
AF05\AF05ANHR.JPG,F05,AN,train
AF05\AF05ANS.JPG,F05,AN,train
AF05\AF05DIHL.JPG,F05,DI,train
AF05\AF05DIHR.JPG,F05,DI,train
AF05\AF05DIS.JPG,F05,DI,train
AF05\AF05HAHL.JPG,F05,HA,train
AF05\AF05HAHR.JPG,F05,HA,train
AF05\AF05HAS.JPG,F05,HA,train
AF05\AF05NEHL.JPG,F05,NE,train
AF05\AF05NEHR.JPG,F05,NE,train
AF05\AF05NES.JPG,F05,NE,train
AF05\AF05SAHL.JPG,F05,SA,train
AF05\AF05SAHR.JPG,F05,SA,train
AF05\AF05SAS.JPG,F05,SA,train
AF05\AF05SUHL.JPG,F05,SU,train
AF05\AF05SUHR.JPG,F05,SU,train
AF05\AF05SUS.JPG,F05,SU,train
AF06\AF06AFHL.JPG,F06,AF,val
AF06\AF06AFHR.JPG,F06,AF,val
AF06\AF06AFS.JPG,F06,AF,val
AF06\AF06ANHL.JPG,F06,AN,val
AF06\AF06ANHR.JPG,F06,AN,val
AF06\AF06ANS.JPG,F06,AN,val
AF06\AF06DIHL.JPG,F06,DI,val
AF06\AF06DIHR.JPG,F06,DI,val
AF06\AF06DIS.JPG,F06,DI,val
AF06\AF06HAHL.JPG,F06,HA,val
AF06\AF06HAHR.JPG,F06,HA,val
AF06\AF06HAS.JPG,F06,HA,val
AF06\AF06NEHL.JPG,F06,NE,val
AF06\AF06NEHR.JPG,F06,NE,val
AF06\AF06NES.JPG,F06,NE,val
AF06\AF06SAHL.JPG,F06,SA,val
AF06\AF06SAHR.JPG,F06,SA,val
AF06\AF06SAS.JPG,F06,SA,val
AF06\AF06SUHL.JPG,F06,SU,val
AF06\AF06SUHR.JPG,F06,SU,val
AF06\AF06SUS.JPG,F06,SU,val
AF07\AF07AFHL.JPG,F07,AF,train
AF07\AF07AFHR.JPG,F07,AF,train
AF07\AF07AFS.JPG,F07,AF,train
AF07\AF07ANHL.JPG,F07,AN,train
AF07\AF07ANHR.JPG,F07,AN,train
AF07\AF07ANS.JPG,F07,AN,train
AF07\AF07DIHL.JPG,F07,DI,train
AF07\AF07DIHR.JPG,F07,DI,train
AF07\AF07DIS.JPG,F07,DI,train
AF07\AF07HAHL.JPG,F07,HA,train
AF07\AF07HAHR.JPG,F07,HA,train
AF07\AF07HAS.JPG,F07,HA,train
AF07\AF07NEHL.JPG,F07,NE,train
AF07\AF07NEHR.JPG,F07,NE,train
AF07\AF07NES.JPG,F07,NE,train
AF07\AF07SAHL.JPG,F07,SA,train
AF07\AF07SAHR.JPG,F07,SA,train
AF07\AF07SAS.JPG,F07,SA,train
AF07\AF07SUHL.JPG,F07,SU,train
AF07\AF07SUHR.JPG,F07,SU,train
AF07\AF07SUS.JPG,F07,SU,train
AF08\AF08AFHL.JPG,F08,AF,test
AF08\AF08AFHR.JPG,F08,AF,test
AF08\AF08AFS.JPG,F08,AF,test
AF08\AF08ANHL.JPG,F08,AN,test
AF08\AF08ANHR.JPG,F08,AN,test
AF08\AF08ANS.JPG,F08,AN,test
AF08\AF08DIHL.JPG,F08,DI,test
AF08\AF08DIHR.JPG,F08,DI,test
AF08\AF08DIS.JPG,F08,DI,test
AF08\AF08HAHL.JPG,F08,HA,test
AF08\AF08HAHR.JPG,F08,HA,test
AF08\AF08HAS.JPG,F08,HA,test
AF08\AF08NEHL.JPG,F08,NE,test
AF08\AF08NEHR.JPG,F08,NE,test
AF08\AF08NES.JPG,F08,NE,test
AF08\AF08SAHL.JPG,F08,SA,test
AF08\AF08SAHR.JPG,F08,SA,test
AF08\AF08SAS.JPG,F08,SA,test
AF08\AF08SUHL.JPG,F08,SU,test
AF08\AF08SUHR.JPG,F08,SU,test
AF08\AF08SUS.JPG,F08,SU,test
AF09\AF09AFHL.JPG,F09,AF,test
AF09\AF09AFHR.JPG,F09,AF,test
AF09\AF09AFS.JPG,F09,AF,test
AF09\AF09ANHL.JPG,F09,AN,test
AF09\AF09ANHR.JPG,F09,AN,test
AF09\AF09ANS.JPG,F09,AN,test
AF09\AF09DIHL.JPG,F09,DI,test
AF09\AF09DIHR.JPG,F09,DI,test
AF09\AF09DIS.JPG,F09,DI,test
AF09\AF09HAHL.JPG,F09,HA,test
AF09\AF09HAHR.JPG,F09,HA,test
AF09\AF09HAS.JPG,F09,HA,test
AF09\AF09NEHL.JPG,F09,NE,test
AF09\AF09NEHR.JPG,F09,NE,test
AF09\AF09NES.JPG,F09,NE,test
AF09\AF09SAHL.JPG,F09,SA,test
AF09\AF09SAHR.JPG,F09,SA,test
AF09\AF09SAS.JPG,F09,SA,test
AF09\AF09SUHL.JPG,F09,SU,test
AF09\AF09SUHR.JPG,F09,SU,test
AF09\AF09SUS.JPG,F09,SU,test
AF10\AF10AFHL.JPG,F10,AF,test
AF10\AF10AFHR.JPG,F10,AF,test
AF10\AF10AFS.JPG,F10,AF,test
AF10\AF10ANHL.JPG,F10,AN,test
AF10\AF10ANHR.JPG,F10,AN,test
AF10\AF10ANS.JPG,F10,AN,test
AF10\AF10DIHL.JPG,F10,DI,test
AF10\AF10DIHR.JPG,F10,DI,test
AF10\AF10DIS.JPG,F10,DI,test
AF10\AF10HAHL.JPG,F10,HA,test
AF10\AF10HAHR.JPG,F10,HA,test
AF10\AF10HAS.JPG,F10,HA,test
AF10\AF10NEHL.JPG,F10,NE,test
AF10\AF10NEHR.JPG,F10,NE,test
AF10\AF10NES.JPG,F10,NE,test
AF10\AF10SAHL.JPG,F10,SA,test
AF10\AF10SAHR.JPG,F10,SA,test
AF10\AF10SAS.JPG,F10,SA,test
AF10\AF10SUHL.JPG,F10,SU,test
AF10\AF10SUHR.JPG,F10,SU,test
AF10\AF10SUS.JPG,F10,SU,test
AF11\AF11AFHL.JPG,F11,AF,train
AF11\AF11AFHR.JPG,F11,AF,train
AF11\AF11AFS.JPG,F11,AF,train
AF11\AF11ANHL.JPG,F11,AN,train
AF11\AF11ANHR.JPG,F11,AN,train
AF11\AF11ANS.JPG,F11,AN,train
AF11\AF11DIHL.JPG,F11,DI,train
AF11\AF11DIHR.JPG,F11,DI,train
AF11\AF11DIS.JPG,F11,DI,train
AF11\AF11HAHL.JPG,F11,HA,train
AF11\AF11HAHR.JPG,F11,HA,train
AF11\AF11HAS.JPG,F11,HA,train
AF11\AF11NEHR.JPG,F11,NE,train
AF11\AF11NES.JPG,F11,NE,train
AF11\AF11SAHL.JPG,F11,SA,train
AF11\AF11SAHR.JPG,F11,SA,train
AF11\AF11SAS.JPG,F11,SA,train
AF11\AF11SUHL.JPG,F11,SU,train
AF11\AF11SUHR.JPG,F11,SU,train
AF11\AF11SUS.JPG,F11,SU,train
AF12\AF12AFHL.JPG,F12,AF,train
AF12\AF12AFHR.JPG,F12,AF,train
AF12\AF12AFS.JPG,F12,AF,train
AF12\AF12ANHL.JPG,F12,AN,train
AF12\AF12ANHR.JPG,F12,AN,train
AF12\AF12ANS.JPG,F12,AN,train
AF12\AF12DIHL.JPG,F12,DI,train
AF12\AF12DIHR.JPG,F12,DI,train
AF12\AF12DIS.JPG,F12,DI,train
AF12\AF12HAHL.JPG,F12,HA,train
AF12\AF12HAHR.JPG,F12,HA,train
AF12\AF12HAS.JPG,F12,HA,train
AF12\AF12NEHL.JPG,F12,NE,train
AF12\AF12NEHR.JPG,F12,NE,train
AF12\AF12NES.JPG,F12,NE,train
AF12\AF12SAHL.JPG,F12,SA,train
AF12\AF12SAHR.JPG,F12,SA,train
AF12\AF12SAS.JPG,F12,SA,train
AF12\AF12SUHL.JPG,F12,SU,train
AF12\AF12SUHR.JPG,F12,SU,train
AF12\AF12SUS.JPG,F12,SU,train
AF13\AF13AFHL.JPG,F13,AF,test
AF13\AF13AFHR.JPG,F13,AF,test
AF13\AF13AFS.JPG,F13,AF,test
AF13\AF13ANHL.JPG,F13,AN,test
AF13\AF13ANHR.JPG,F13,AN,test
AF13\AF13ANS.JPG,F13,AN,test
AF13\AF13DIHL.JPG,F13,DI,test
AF13\AF13DIHR.JPG,F13,DI,test
AF13\AF13DIS.JPG,F13,DI,test
AF13\AF13HAHL.JPG,F13,HA,test
AF13\AF13HAHR.JPG,F13,HA,test
AF13\AF13HAS.JPG,F13,HA,test
AF13\AF13NEHL.JPG,F13,NE,test
AF13\AF13NEHR.JPG,F13,NE,test
AF13\AF13NES.JPG,F13,NE,test
AF13\AF13SAHL.JPG,F13,SA,test
AF13\AF13SAHR.JPG,F13,SA,test
AF13\AF13SAS.JPG,F13,SA,test
AF13\AF13SUHL.JPG,F13,SU,test
AF13\AF13SUHR.JPG,F13,SU,test
AF13\AF13SUS.JPG,F13,SU,test
AF14\AF14AFHL.JPG,F14,AF,train
AF14\AF14AFHR.JPG,F14,AF,train
AF14\AF14AFS.JPG,F14,AF,train
AF14\AF14ANHL.JPG,F14,AN,train
AF14\AF14ANHR.JPG,F14,AN,train
AF14\AF14ANS.JPG,F14,AN,train
AF14\AF14DIHL.JPG,F14,DI,train
AF14\AF14DIHR.JPG,F14,DI,train
AF14\AF14DIS.JPG,F14,DI,train
AF14\AF14HAHL.JPG,F14,HA,train
AF14\AF14HAHR.JPG,F14,HA,train
AF14\AF14HAS.JPG,F14,HA,train
AF14\AF14NEHL.JPG,F14,NE,train
AF14\AF14NEHR.JPG,F14,NE,train
AF14\AF14NES.JPG,F14,NE,train
AF14\AF14SAHL.JPG,F14,SA,train
AF14\AF14SAHR.JPG,F14,SA,train
AF14\AF14SAS.JPG,F14,SA,train
AF14\AF14SUHL.JPG,F14,SU,train
AF14\AF14SUHR.JPG,F14,SU,train
AF14\AF14SUS.JPG,F14,SU,train
AF15\AF15AFHL.JPG,F15,AF,train
AF15\AF15AFHR.JPG,F15,AF,train
AF15\AF15AFS.JPG,F15,AF,train
AF15\AF15ANHL.JPG,F15,AN,train
AF15\AF15ANHR.JPG,F15,AN,train
AF15\AF15ANS.JPG,F15,AN,train
AF15\AF15DIHL.JPG,F15,DI,train
AF15\AF15DIHR.JPG,F15,DI,train
AF15\AF15DIS.JPG,F15,DI,train
AF15\AF15HAHL.JPG,F15,HA,train
AF15\AF15HAHR.JPG,F15,HA,train
AF15\AF15HAS.JPG,F15,HA,train
AF15\AF15NEHL.JPG,F15,NE,train
AF15\AF15NEHR.JPG,F15,NE,train
AF15\AF15NES.JPG,F15,NE,train
AF15\AF15SAHL.JPG,F15,SA,train
AF15\AF15SAHR.JPG,F15,SA,train
AF15\AF15SAS.JPG,F15,SA,train
AF15\AF15SUHL.JPG,F15,SU,train
AF15\AF15SUHR.JPG,F15,SU,train
AF15\AF15SUS.JPG,F15,SU,train
AF16\AF16AFHL.JPG,F16,AF,train
AF16\AF16AFHR.JPG,F16,AF,train
AF16\AF16AFS.JPG,F16,AF,train
AF16\AF16ANHL.JPG,F16,AN,train
AF16\AF16ANHR.JPG,F16,AN,train
AF16\AF16ANS.JPG,F16,AN,train
AF16\AF16DIHL.JPG,F16,DI,train
AF16\AF16DIHR.JPG,F16,DI,train
AF16\AF16DIS.JPG,F16,DI,train
AF16\AF16HAHL.JPG,F16,HA,train
AF16\AF16HAHR.JPG,F16,HA,train
AF16\AF16HAS.JPG,F16,HA,train
AF16\AF16NEHL.JPG,F16,NE,train
AF16\AF16NEHR.JPG,F16,NE,train
AF16\AF16NES.JPG,F16,NE,train
AF16\AF16SAHL.JPG,F16,SA,train
AF16\AF16SAHR.JPG,F16,SA,train
AF16\AF16SAS.JPG,F16,SA,train
AF16\AF16SUHL.JPG,F16,SU,train
AF16\AF16SUHR.JPG,F16,SU,train
AF16\AF16SUS.JPG,F16,SU,train
AF17\AF17AFHL.JPG,F17,AF,train
AF17\AF17AFHR.JPG,F17,AF,train
AF17\AF17AFS.JPG,F17,AF,train
AF17\AF17ANHL.JPG,F17,AN,train
AF17\AF17ANHR.JPG,F17,AN,train
AF17\AF17ANS.JPG,F17,AN,train
AF17\AF17DIHL.JPG,F17,DI,train
AF17\AF17DIHR.JPG,F17,DI,train
AF17\AF17DIS.JPG,F17,DI,train
AF17\AF17HAHL.JPG,F17,HA,train
AF17\AF17HAHR.JPG,F17,HA,train
AF17\AF17HAS.JPG,F17,HA,train
AF17\AF17NEHL.JPG,F17,NE,train
AF17\AF17NEHR.JPG,F17,NE,train
AF17\AF17NES.JPG,F17,NE,train
AF17\AF17SAHL.JPG,F17,SA,train
AF17\AF17SAHR.JPG,F17,SA,train
AF17\AF17SAS.JPG,F17,SA,train
AF17\AF17SUHL.JPG,F17,SU,train
AF17\AF17SUHR.JPG,F17,SU,train
AF17\AF17SUS.JPG,F17,SU,train
AF18\AF18AFHL.JPG,F18,AF,train
AF18\AF18AFHR.JPG,F18,AF,train
AF18\AF18AFS.JPG,F18,AF,train
AF18\AF18ANHL.JPG,F18,AN,train
AF18\AF18ANHR.JPG,F18,AN,train
AF18\AF18ANS.JPG,F18,AN,train
AF18\AF18DIHL.JPG,F18,DI,train
AF18\AF18DIHR.JPG,F18,DI,train
AF18\AF18DIS.JPG,F18,DI,train
AF18\AF18HAHL.JPG,F18,HA,train
AF18\AF18HAHR.JPG,F18,HA,train
AF18\AF18HAS.JPG,F18,HA,train
AF18\AF18NEHL.JPG,F18,NE,train
AF18\AF18NEHR.JPG,F18,NE,train
AF18\AF18NES.JPG,F18,NE,train
AF18\AF18SAHL.JPG,F18,SA,train
AF18\AF18SAHR.JPG,F18,SA,train
AF18\AF18SAS.JPG,F18,SA,train
AF18\AF18SUHL.JPG,F18,SU,train
AF18\AF18SUHR.JPG,F18,SU,train
AF18\AF18SUS.JPG,F18,SU,train
AF19\AF19AFHL.JPG,F19,AF,train
AF19\AF19AFHR.JPG,F19,AF,train
AF19\AF19AFS.JPG,F19,AF,train
AF19\AF19ANHL.JPG,F19,AN,train
AF19\AF19ANHR.JPG,F19,AN,train
AF19\AF19ANS.JPG,F19,AN,train
AF19\AF19DIHL.JPG,F19,DI,train
AF19\AF19DIHR.JPG,F19,DI,train
AF19\AF19DIS.JPG,F19,DI,train
AF19\AF19HAHL.JPG,F19,HA,train
AF19\AF19HAHR.JPG,F19,HA,train
AF19\AF19HAS.JPG,F19,HA,train
AF19\AF19NEHL.JPG,F19,NE,train
AF19\AF19NEHR.JPG,F19,NE,train
AF19\AF19NES.JPG,F19,NE,train
AF19\AF19SAHL.JPG,F19,SA,train
AF19\AF19SAHR.JPG,F19,SA,train
AF19\AF19SAS.JPG,F19,SA,train
AF19\AF19SUHL.JPG,F19,SU,train
AF19\AF19SUHR.JPG,F19,SU,train
AF19\AF19SUS.JPG,F19,SU,train
AF20\AF20AFHL.JPG,F20,AF,train
AF20\AF20AFHR.JPG,F20,AF,train
AF20\AF20AFS.JPG,F20,AF,train
AF20\AF20ANHL.JPG,F20,AN,train
AF20\AF20ANHR.JPG,F20,AN,train
AF20\AF20ANS.JPG,F20,AN,train
AF20\AF20DIHR.JPG,F20,DI,train
AF20\AF20DIS.JPG,F20,DI,train
AF20\AF20HAHL.JPG,F20,HA,train
AF20\AF20HAHR.JPG,F20,HA,train
AF20\AF20HAS.JPG,F20,HA,train
AF20\AF20NEHL.JPG,F20,NE,train
AF20\AF20NEHR.JPG,F20,NE,train
AF20\AF20NES.JPG,F20,NE,train
AF20\AF20SAHL.JPG,F20,SA,train
AF20\AF20SAHR.JPG,F20,SA,train
AF20\AF20SAS.JPG,F20,SA,train
AF20\AF20SUHL.JPG,F20,SU,train
AF20\AF20SUHR.JPG,F20,SU,train
AF20\AF20SUS.JPG,F20,SU,train
AF21\AF21AFHL.JPG,F21,AF,train
AF21\AF21AFHR.JPG,F21,AF,train
AF21\AF21AFS.JPG,F21,AF,train
AF21\AF21ANHL.JPG,F21,AN,train
AF21\AF21ANHR.JPG,F21,AN,train
AF21\AF21ANS.JPG,F21,AN,train
AF21\AF21DIHL.JPG,F21,DI,train
AF21\AF21DIHR.JPG,F21,DI,train
AF21\AF21DIS.JPG,F21,DI,train
AF21\AF21HAHL.JPG,F21,HA,train
AF21\AF21HAHR.JPG,F21,HA,train
AF21\AF21HAS.JPG,F21,HA,train
AF21\AF21NEHL.JPG,F21,NE,train
AF21\AF21NEHR.JPG,F21,NE,train
AF21\AF21NES.JPG,F21,NE,train
AF21\AF21SAHL.JPG,F21,SA,train
AF21\AF21SAHR.JPG,F21,SA,train
AF21\AF21SAS.JPG,F21,SA,train
AF21\AF21SUHL.JPG,F21,SU,train
AF21\AF21SUHR.JPG,F21,SU,train
AF21\AF21SUS.JPG,F21,SU,train
AF22\AF22AFHL.JPG,F22,AF,train
AF22\AF22AFHR.JPG,F22,AF,train
AF22\AF22AFS.JPG,F22,AF,train
AF22\AF22ANHL.JPG,F22,AN,train
AF22\AF22ANHR.JPG,F22,AN,train
AF22\AF22ANS.JPG,F22,AN,train
AF22\AF22DIHL.JPG,F22,DI,train
AF22\AF22DIHR.JPG,F22,DI,train
AF22\AF22DIS.JPG,F22,DI,train
AF22\AF22HAHL.JPG,F22,HA,train
AF22\AF22HAHR.JPG,F22,HA,train
AF22\AF22HAS.JPG,F22,HA,train
AF22\AF22NEHL.JPG,F22,NE,train
AF22\AF22NEHR.JPG,F22,NE,train
AF22\AF22NES.JPG,F22,NE,train
AF22\AF22SAHL.JPG,F22,SA,train
AF22\AF22SAHR.JPG,F22,SA,train
AF22\AF22SAS.JPG,F22,SA,train
AF22\AF22SUHL.JPG,F22,SU,train
AF22\AF22SUHR.JPG,F22,SU,train
AF22\AF22SUS.JPG,F22,SU,train
AF23\AF23AFHL.JPG,F23,AF,val
AF23\AF23AFHR.JPG,F23,AF,val
AF23\AF23AFS.JPG,F23,AF,val
AF23\AF23ANHL.JPG,F23,AN,val
AF23\AF23ANHR.JPG,F23,AN,val
AF23\AF23ANS.JPG,F23,AN,val
AF23\AF23DIHL.JPG,F23,DI,val
AF23\AF23DIHR.JPG,F23,DI,val
AF23\AF23DIS.JPG,F23,DI,val
AF23\AF23HAHL.JPG,F23,HA,val
AF23\AF23HAHR.JPG,F23,HA,val
AF23\AF23HAS.JPG,F23,HA,val
AF23\AF23NEHL.JPG,F23,NE,val
AF23\AF23NEHR.JPG,F23,NE,val
AF23\AF23NES.JPG,F23,NE,val
AF23\AF23SAHL.JPG,F23,SA,val
AF23\AF23SAHR.JPG,F23,SA,val
AF23\AF23SAS.JPG,F23,SA,val
AF23\AF23SUHL.JPG,F23,SU,val
AF23\AF23SUHR.JPG,F23,SU,val
AF23\AF23SUS.JPG,F23,SU,val
AF24\AF24AFHL.JPG,F24,AF,train
AF24\AF24AFHR.JPG,F24,AF,train
AF24\AF24AFS.JPG,F24,AF,train
AF24\AF24ANHL.JPG,F24,AN,train
AF24\AF24ANHR.JPG,F24,AN,train
AF24\AF24ANS.JPG,F24,AN,train
AF24\AF24DIHL.JPG,F24,DI,train
AF24\AF24DIHR.JPG,F24,DI,train
AF24\AF24DIS.JPG,F24,DI,train
AF24\AF24HAHL.JPG,F24,HA,train
AF24\AF24HAHR.JPG,F24,HA,train
AF24\AF24HAS.JPG,F24,HA,train
AF24\AF24NEHL.JPG,F24,NE,train
AF24\AF24NEHR.JPG,F24,NE,train
AF24\AF24NES.JPG,F24,NE,train
AF24\AF24SAHL.JPG,F24,SA,train
AF24\AF24SAHR.JPG,F24,SA,train
AF24\AF24SAS.JPG,F24,SA,train
AF24\AF24SUHL.JPG,F24,SU,train
AF24\AF24SUHR.JPG,F24,SU,train
AF24\AF24SUS.JPG,F24,SU,train
AF25\AF25AFHL.JPG,F25,AF,train
AF25\AF25AFHR.JPG,F25,AF,train
AF25\AF25AFS.JPG,F25,AF,train
AF25\AF25ANHL.JPG,F25,AN,train
AF25\AF25ANHR.JPG,F25,AN,train
AF25\AF25ANS.JPG,F25,AN,train
AF25\AF25DIHL.JPG,F25,DI,train
AF25\AF25DIHR.JPG,F25,DI,train
AF25\AF25DIS.JPG,F25,DI,train
AF25\AF25HAHL.JPG,F25,HA,train
AF25\AF25HAHR.JPG,F25,HA,train
AF25\AF25HAS.JPG,F25,HA,train
AF25\AF25NEHL.JPG,F25,NE,train
AF25\AF25NEHR.JPG,F25,NE,train
AF25\AF25NES.JPG,F25,NE,train
AF25\AF25SAHL.JPG,F25,SA,train
AF25\AF25SAHR.JPG,F25,SA,train
AF25\AF25SAS.JPG,F25,SA,train
AF25\AF25SUHL.JPG,F25,SU,train
AF25\AF25SUHR.JPG,F25,SU,train
AF25\AF25SUS.JPG,F25,SU,train
AF26\AF26AFHL.JPG,F26,AF,test
AF26\AF26AFHR.JPG,F26,AF,test
AF26\AF26AFS.JPG,F26,AF,test
AF26\AF26ANHL.JPG,F26,AN,test
AF26\AF26ANHR.JPG,F26,AN,test
AF26\AF26ANS.JPG,F26,AN,test
AF26\AF26DIHL.JPG,F26,DI,test
AF26\AF26DIHR.JPG,F26,DI,test
AF26\AF26DIS.JPG,F26,DI,test
AF26\AF26HAHL.JPG,F26,HA,test
AF26\AF26HAHR.JPG,F26,HA,test
AF26\AF26HAS.JPG,F26,HA,test
AF26\AF26NEHL.JPG,F26,NE,test
AF26\AF26NEHR.JPG,F26,NE,test
AF26\AF26NES.JPG,F26,NE,test
AF26\AF26SAHL.JPG,F26,SA,test
AF26\AF26SAHR.JPG,F26,SA,test
AF26\AF26SAS.JPG,F26,SA,test
AF26\AF26SUHL.JPG,F26,SU,test
AF26\AF26SUHR.JPG,F26,SU,test
AF26\AF26SUS.JPG,F26,SU,test
AF27\AF27AFHL.JPG,F27,AF,train
AF27\AF27AFHR.JPG,F27,AF,train
AF27\AF27AFS.JPG,F27,AF,train
AF27\AF27ANHL.JPG,F27,AN,train
AF27\AF27ANHR.JPG,F27,AN,train
AF27\AF27ANS.JPG,F27,AN,train
AF27\AF27DIHL.JPG,F27,DI,train
AF27\AF27DIHR.JPG,F27,DI,train
AF27\AF27DIS.JPG,F27,DI,train
AF27\AF27HAHL.JPG,F27,HA,train
AF27\AF27HAHR.JPG,F27,HA,train
AF27\AF27HAS.JPG,F27,HA,train
AF27\AF27NEHL.JPG,F27,NE,train
AF27\AF27NEHR.JPG,F27,NE,train
AF27\AF27NES.JPG,F27,NE,train
AF27\AF27SAHL.JPG,F27,SA,train
AF27\AF27SAHR.JPG,F27,SA,train
AF27\AF27SAS.JPG,F27,SA,train
AF27\AF27SUHL.JPG,F27,SU,train
AF27\AF27SUHR.JPG,F27,SU,train
AF27\AF27SUS.JPG,F27,SU,train
AF28\AF28AFHL.JPG,F28,AF,val
AF28\AF28AFHR.JPG,F28,AF,val
AF28\AF28AFS.JPG,F28,AF,val
AF28\AF28ANHL.JPG,F28,AN,val
AF28\AF28ANHR.JPG,F28,AN,val
AF28\AF28ANS.JPG,F28,AN,val
AF28\AF28DIHL.JPG,F28,DI,val
AF28\AF28DIHR.JPG,F28,DI,val
AF28\AF28DIS.JPG,F28,DI,val
AF28\AF28HAHL.JPG,F28,HA,val
AF28\AF28HAHR.JPG,F28,HA,val
AF28\AF28HAS.JPG,F28,HA,val
AF28\AF28NEHL.JPG,F28,NE,val
AF28\AF28NEHR.JPG,F28,NE,val
AF28\AF28NES.JPG,F28,NE,val
AF28\AF28SAHL.JPG,F28,SA,val
AF28\AF28SAHR.JPG,F28,SA,val
AF28\AF28SAS.JPG,F28,SA,val
AF28\AF28SUHL.JPG,F28,SU,val
AF28\AF28SUHR.JPG,F28,SU,val
AF28\AF28SUS.JPG,F28,SU,val
AF29\AF29AFHL.JPG,F29,AF,train
AF29\AF29AFHR.JPG,F29,AF,train
AF29\AF29AFS.JPG,F29,AF,train
AF29\AF29ANHL.JPG,F29,AN,train
AF29\AF29ANHR.JPG,F29,AN,train
AF29\AF29ANS.JPG,F29,AN,train
AF29\AF29DIHL.JPG,F29,DI,train
AF29\AF29DIHR.JPG,F29,DI,train
AF29\AF29DIS.JPG,F29,DI,train
AF29\AF29HAHL.JPG,F29,HA,train
AF29\AF29HAHR.JPG,F29,HA,train
AF29\AF29HAS.JPG,F29,HA,train
AF29\AF29NEHL.JPG,F29,NE,train
AF29\AF29NEHR.JPG,F29,NE,train
AF29\AF29NES.JPG,F29,NE,train
AF29\AF29SAHL.JPG,F29,SA,train
AF29\AF29SAHR.JPG,F29,SA,train
AF29\AF29SAS.JPG,F29,SA,train
AF29\AF29SUHL.JPG,F29,SU,train
AF29\AF29SUHR.JPG,F29,SU,train
AF29\AF29SUS.JPG,F29,SU,train
AF30\AF30AFHL.JPG,F30,AF,train
AF30\AF30AFHR.JPG,F30,AF,train
AF30\AF30AFS.JPG,F30,AF,train
AF30\AF30ANHL.JPG,F30,AN,train
AF30\AF30ANHR.JPG,F30,AN,train
AF30\AF30ANS.JPG,F30,AN,train
AF30\AF30DIHL.JPG,F30,DI,train
AF30\AF30DIHR.JPG,F30,DI,train
AF30\AF30DIS.JPG,F30,DI,train
AF30\AF30HAHL.JPG,F30,HA,train
AF30\AF30HAHR.JPG,F30,HA,train
AF30\AF30HAS.JPG,F30,HA,train
AF30\AF30NEHL.JPG,F30,NE,train
AF30\AF30NEHR.JPG,F30,NE,train
AF30\AF30NES.JPG,F30,NE,train
AF30\AF30SAHL.JPG,F30,SA,train
AF30\AF30SAHR.JPG,F30,SA,train
AF30\AF30SAS.JPG,F30,SA,train
AF30\AF30SUHL.JPG,F30,SU,train
AF30\AF30SUHR.JPG,F30,SU,train
AF30\AF30SUS.JPG,F30,SU,train
AF31\AF31AFHL.JPG,F31,AF,val
AF31\AF31AFHR.JPG,F31,AF,val
AF31\AF31AFS.JPG,F31,AF,val
AF31\AF31ANHL.JPG,F31,AN,val
AF31\AF31ANHR.JPG,F31,AN,val
AF31\AF31ANS.JPG,F31,AN,val
AF31\AF31DIHL.JPG,F31,DI,val
AF31\AF31DIHR.JPG,F31,DI,val
AF31\AF31DIS.JPG,F31,DI,val
AF31\AF31HAHL.JPG,F31,HA,val
AF31\AF31HAHR.JPG,F31,HA,val
AF31\AF31HAS.JPG,F31,HA,val
AF31\AF31NEHL.JPG,F31,NE,val
AF31\AF31NEHR.JPG,F31,NE,val
AF31\AF31NES.JPG,F31,NE,val
AF31\AF31SAHL.JPG,F31,SA,val
AF31\AF31SAHR.JPG,F31,SA,val
AF31\AF31SAS.JPG,F31,SA,val
AF31\AF31SUHL.JPG,F31,SU,val
AF31\AF31SUHR.JPG,F31,SU,val
AF31\AF31SUS.JPG,F31,SU,val
AF32\AF32AFHL.JPG,F32,AF,train
AF32\AF32AFHR.JPG,F32,AF,train
AF32\AF32AFS.JPG,F32,AF,train
AF32\AF32ANHL.JPG,F32,AN,train
AF32\AF32ANHR.JPG,F32,AN,train
AF32\AF32ANS.JPG,F32,AN,train
AF32\AF32DIHL.JPG,F32,DI,train
AF32\AF32DIHR.JPG,F32,DI,train
AF32\AF32DIS.JPG,F32,DI,train
AF32\AF32HAHL.JPG,F32,HA,train
AF32\AF32HAHR.JPG,F32,HA,train
AF32\AF32HAS.JPG,F32,HA,train
AF32\AF32NEHL.JPG,F32,NE,train
AF32\AF32NEHR.JPG,F32,NE,train
AF32\AF32NES.JPG,F32,NE,train
AF32\AF32SAHL.JPG,F32,SA,train
AF32\AF32SAHR.JPG,F32,SA,train
AF32\AF32SAS.JPG,F32,SA,train
AF32\AF32SUHL.JPG,F32,SU,train
AF32\AF32SUHR.JPG,F32,SU,train
AF32\AF32SUS.JPG,F32,SU,train
AF33\AF33AFHL.JPG,F33,AF,train
AF33\AF33AFHR.JPG,F33,AF,train
AF33\AF33AFS.JPG,F33,AF,train
AF33\AF33ANHL.JPG,F33,AN,train
AF33\AF33ANHR.JPG,F33,AN,train
AF33\AF33ANS.JPG,F33,AN,train
AF33\AF33DIHL.JPG,F33,DI,train
AF33\AF33DIHR.JPG,F33,DI,train
AF33\AF33DIS.JPG,F33,DI,train
AF33\AF33HAHL.JPG,F33,HA,train
AF33\AF33HAHR.JPG,F33,HA,train
AF33\AF33HAS.JPG,F33,HA,train
AF33\AF33NEHL.JPG,F33,NE,train
AF33\AF33NEHR.JPG,F33,NE,train
AF33\AF33NES.JPG,F33,NE,train
AF33\AF33SAHL.JPG,F33,SA,train
AF33\AF33SAHR.JPG,F33,SA,train
AF33\AF33SAS.JPG,F33,SA,train
AF33\AF33SUHL.JPG,F33,SU,train
AF33\AF33SUHR.JPG,F33,SU,train
AF33\AF33SUS.JPG,F33,SU,train
AF34\AF34AFHL.JPG,F34,AF,train
AF34\AF34AFHR.JPG,F34,AF,train
AF34\AF34AFS.JPG,F34,AF,train
AF34\AF34ANHL.JPG,F34,AN,train
AF34\AF34ANHR.JPG,F34,AN,train
AF34\AF34ANS.JPG,F34,AN,train
AF34\AF34DIHL.JPG,F34,DI,train
AF34\AF34DIHR.JPG,F34,DI,train
AF34\AF34DIS.JPG,F34,DI,train
AF34\AF34HAHL.JPG,F34,HA,train
AF34\AF34HAHR.JPG,F34,HA,train
AF34\AF34HAS.JPG,F34,HA,train
AF34\AF34NEHL.JPG,F34,NE,train
AF34\AF34NEHR.JPG,F34,NE,train
AF34\AF34NES.JPG,F34,NE,train
AF34\AF34SAHL.JPG,F34,SA,train
AF34\AF34SAHR.JPG,F34,SA,train
AF34\AF34SAS.JPG,F34,SA,train
AF34\AF34SUHL.JPG,F34,SU,train
AF34\AF34SUHR.JPG,F34,SU,train
AF34\AF34SUS.JPG,F34,SU,train
AF35\AF35AFHL.JPG,F35,AF,train
AF35\AF35AFHR.JPG,F35,AF,train
AF35\AF35AFS.JPG,F35,AF,train
AF35\AF35ANHL.JPG,F35,AN,train
AF35\AF35ANHR.JPG,F35,AN,train
AF35\AF35ANS.JPG,F35,AN,train
AF35\AF35DIHL.JPG,F35,DI,train
AF35\AF35DIHR.JPG,F35,DI,train
AF35\AF35DIS.JPG,F35,DI,train
AF35\AF35HAHL.JPG,F35,HA,train
AF35\AF35HAHR.JPG,F35,HA,train
AF35\AF35HAS.JPG,F35,HA,train
AF35\AF35NEHL.JPG,F35,NE,train
AF35\AF35NEHR.JPG,F35,NE,train
AF35\AF35NES.JPG,F35,NE,train
AF35\AF35SAHL.JPG,F35,SA,train
AF35\AF35SAHR.JPG,F35,SA,train
AF35\AF35SAS.JPG,F35,SA,train
AF35\AF35SUHL.JPG,F35,SU,train
AF35\AF35SUHR.JPG,F35,SU,train
AF35\AF35SUS.JPG,F35,SU,train
AM01\AM01AFHL.JPG,M01,AF,train
AM01\AM01AFHR.JPG,M01,AF,train
AM01\AM01AFS.JPG,M01,AF,train
AM01\AM01ANHL.JPG,M01,AN,train
AM01\AM01ANHR.JPG,M01,AN,train
AM01\AM01ANS.JPG,M01,AN,train
AM01\AM01DIHL.JPG,M01,DI,train
AM01\AM01DIHR.JPG,M01,DI,train
AM01\AM01DIS.JPG,M01,DI,train
AM01\AM01HAHL.JPG,M01,HA,train
AM01\AM01HAHR.JPG,M01,HA,train
AM01\AM01HAS.JPG,M01,HA,train
AM01\AM01NEHL.JPG,M01,NE,train
AM01\AM01NEHR.JPG,M01,NE,train
AM01\AM01NES.JPG,M01,NE,train
AM01\AM01SAHL.JPG,M01,SA,train
AM01\AM01SAHR.JPG,M01,SA,train
AM01\AM01SAS.JPG,M01,SA,train
AM01\AM01SUHL.JPG,M01,SU,train
AM01\AM01SUHR.JPG,M01,SU,train
AM01\AM01SUS.JPG,M01,SU,train
AM02\AM02AFHL.JPG,M02,AF,train
AM02\AM02AFHR.JPG,M02,AF,train
AM02\AM02AFS.JPG,M02,AF,train
AM02\AM02ANHL.JPG,M02,AN,train
AM02\AM02ANHR.JPG,M02,AN,train
AM02\AM02ANS.JPG,M02,AN,train
AM02\AM02DIHL.JPG,M02,DI,train
AM02\AM02DIHR.JPG,M02,DI,train
AM02\AM02DIS.JPG,M02,DI,train
AM02\AM02HAHL.JPG,M02,HA,train
AM02\AM02HAHR.JPG,M02,HA,train
AM02\AM02HAS.JPG,M02,HA,train
AM02\AM02NEHL.JPG,M02,NE,train
AM02\AM02NEHR.JPG,M02,NE,train
AM02\AM02NES.JPG,M02,NE,train
AM02\AM02SAHL.JPG,M02,SA,train
AM02\AM02SAHR.JPG,M02,SA,train
AM02\AM02SAS.JPG,M02,SA,train
AM02\AM02SUHL.JPG,M02,SU,train
AM02\AM02SUHR.JPG,M02,SU,train
AM02\AM02SUS.JPG,M02,SU,train
AM03\AM03AFHL.JPG,M03,AF,train
AM03\AM03AFHR.JPG,M03,AF,train
AM03\AM03AFS.JPG,M03,AF,train
AM03\AM03ANHL.JPG,M03,AN,train
AM03\AM03ANHR.JPG,M03,AN,train
AM03\AM03ANS.JPG,M03,AN,train
AM03\AM03DIHL.JPG,M03,DI,train
AM03\AM03DIHR.JPG,M03,DI,train
AM03\AM03DIS.JPG,M03,DI,train
AM03\AM03HAHL.JPG,M03,HA,train
AM03\AM03HAHR.JPG,M03,HA,train
AM03\AM03HAS.JPG,M03,HA,train
AM03\AM03NEHL.JPG,M03,NE,train
AM03\AM03NEHR.JPG,M03,NE,train
AM03\AM03NES.JPG,M03,NE,train
AM03\AM03SAHL.JPG,M03,SA,train
AM03\AM03SAHR.JPG,M03,SA,train
AM03\AM03SAS.JPG,M03,SA,train
AM03\AM03SUHL.JPG,M03,SU,train
AM03\AM03SUHR.JPG,M03,SU,train
AM03\AM03SUS.JPG,M03,SU,train
AM04\AM04AFHL.JPG,M04,AF,train
AM04\AM04AFHR.JPG,M04,AF,train
AM04\AM04AFS.JPG,M04,AF,train
AM04\AM04ANHL.JPG,M04,AN,train
AM04\AM04ANHR.JPG,M04,AN,train
AM04\AM04ANS.JPG,M04,AN,train
AM04\AM04DIHL.JPG,M04,DI,train
AM04\AM04DIHR.JPG,M04,DI,train
AM04\AM04DIS.JPG,M04,DI,train
AM04\AM04HAHL.JPG,M04,HA,train
AM04\AM04HAHR.JPG,M04,HA,train
AM04\AM04HAS.JPG,M04,HA,train
AM04\AM04NEHL.JPG,M04,NE,train
AM04\AM04NEHR.JPG,M04,NE,train
AM04\AM04NES.JPG,M04,NE,train
AM04\AM04SAHL.JPG,M04,SA,train
AM04\AM04SAHR.JPG,M04,SA,train
AM04\AM04SAS.JPG,M04,SA,train
AM04\AM04SUHL.JPG,M04,SU,train
AM04\AM04SUHR.JPG,M04,SU,train
AM04\AM04SUS.JPG,M04,SU,train
AM05\AM05AFHL.JPG,M05,AF,train
AM05\AM05AFHR.JPG,M05,AF,train
AM05\AM05AFS.JPG,M05,AF,train
AM05\AM05ANHL.JPG,M05,AN,train
AM05\AM05ANHR.JPG,M05,AN,train
AM05\AM05ANS.JPG,M05,AN,train
AM05\AM05DIHL.JPG,M05,DI,train
AM05\AM05DIHR.JPG,M05,DI,train
AM05\AM05DIS.JPG,M05,DI,train
AM05\AM05HAHL.JPG,M05,HA,train
AM05\AM05HAHR.JPG,M05,HA,train
AM05\AM05HAS.JPG,M05,HA,train
AM05\AM05NEHL.JPG,M05,NE,train
AM05\AM05NEHR.JPG,M05,NE,train
AM05\AM05NES.JPG,M05,NE,train
AM05\AM05SAHL.JPG,M05,SA,train
AM05\AM05SAHR.JPG,M05,SA,train
AM05\AM05SAS.JPG,M05,SA,train
AM05\AM05SUHL.JPG,M05,SU,train
AM05\AM05SUHR.JPG,M05,SU,train
AM05\AM05SUS.JPG,M05,SU,train
AM06\AM06AFHL.JPG,M06,AF,val
AM06\AM06AFHR.JPG,M06,AF,val
AM06\AM06AFS.JPG,M06,AF,val
AM06\AM06ANHL.JPG,M06,AN,val
AM06\AM06ANHR.JPG,M06,AN,val
AM06\AM06ANS.JPG,M06,AN,val
AM06\AM06DIHL.JPG,M06,DI,val
AM06\AM06DIHR.JPG,M06,DI,val
AM06\AM06DIS.JPG,M06,DI,val
AM06\AM06HAHL.JPG,M06,HA,val
AM06\AM06HAHR.JPG,M06,HA,val
AM06\AM06HAS.JPG,M06,HA,val
AM06\AM06NEHL.JPG,M06,NE,val
AM06\AM06NEHR.JPG,M06,NE,val
AM06\AM06NES.JPG,M06,NE,val
AM06\AM06SAHL.JPG,M06,SA,val
AM06\AM06SAHR.JPG,M06,SA,val
AM06\AM06SAS.JPG,M06,SA,val
AM06\AM06SUHL.JPG,M06,SU,val
AM06\AM06SUHR.JPG,M06,SU,val
AM06\AM06SUS.JPG,M06,SU,val
AM07\AM07AFHL.JPG,M07,AF,train
AM07\AM07AFHR.JPG,M07,AF,train
AM07\AM07AFS.JPG,M07,AF,train
AM07\AM07ANHL.JPG,M07,AN,train
AM07\AM07ANHR.JPG,M07,AN,train
AM07\AM07ANS.JPG,M07,AN,train
AM07\AM07DIHL.JPG,M07,DI,train
AM07\AM07DIHR.JPG,M07,DI,train
AM07\AM07DIS.JPG,M07,DI,train
AM07\AM07HAHL.JPG,M07,HA,train
AM07\AM07HAHR.JPG,M07,HA,train
AM07\AM07HAS.JPG,M07,HA,train
AM07\AM07NEHL.JPG,M07,NE,train
AM07\AM07NEHR.JPG,M07,NE,train
AM07\AM07NES.JPG,M07,NE,train
AM07\AM07SAHL.JPG,M07,SA,train
AM07\AM07SAHR.JPG,M07,SA,train
AM07\AM07SAS.JPG,M07,SA,train
AM07\AM07SUHL.JPG,M07,SU,train
AM07\AM07SUHR.JPG,M07,SU,train
AM07\AM07SUS.JPG,M07,SU,train
AM08\AM08AFHL.JPG,M08,AF,train
AM08\AM08AFHR.JPG,M08,AF,train
AM08\AM08AFS.JPG,M08,AF,train
AM08\AM08ANHL.JPG,M08,AN,train
AM08\AM08ANHR.JPG,M08,AN,train
AM08\AM08ANS.JPG,M08,AN,train
AM08\AM08DIHL.JPG,M08,DI,train
AM08\AM08DIHR.JPG,M08,DI,train
AM08\AM08DIS.JPG,M08,DI,train
AM08\AM08HAHL.JPG,M08,HA,train
AM08\AM08HAHR.JPG,M08,HA,train
AM08\AM08HAS.JPG,M08,HA,train
AM08\AM08NEHL.JPG,M08,NE,train
AM08\AM08NEHR.JPG,M08,NE,train
AM08\AM08NES.JPG,M08,NE,train
AM08\AM08SAHL.JPG,M08,SA,train
AM08\AM08SAHR.JPG,M08,SA,train
AM08\AM08SAS.JPG,M08,SA,train
AM08\AM08SUHL.JPG,M08,SU,train
AM08\AM08SUHR.JPG,M08,SU,train
AM08\AM08SUS.JPG,M08,SU,train
AM09\AM09AFHL.JPG,M09,AF,train
AM09\AM09AFHR.JPG,M09,AF,train
AM09\AM09AFS.JPG,M09,AF,train
AM09\AM09ANHL.JPG,M09,AN,train
AM09\AM09ANHR.JPG,M09,AN,train
AM09\AM09ANS.JPG,M09,AN,train
AM09\AM09DIHL.JPG,M09,DI,train
AM09\AM09DIHR.JPG,M09,DI,train
AM09\AM09DIS.JPG,M09,DI,train
AM09\AM09HAHL.JPG,M09,HA,train
AM09\AM09HAHR.JPG,M09,HA,train
AM09\AM09HAS.JPG,M09,HA,train
AM09\AM09NEHL.JPG,M09,NE,train
AM09\AM09NEHR.JPG,M09,NE,train
AM09\AM09NES.JPG,M09,NE,train
AM09\AM09SAHL.JPG,M09,SA,train
AM09\AM09SAHR.JPG,M09,SA,train
AM09\AM09SAS.JPG,M09,SA,train
AM09\AM09SUHL.JPG,M09,SU,train
AM09\AM09SUHR.JPG,M09,SU,train
AM09\AM09SUS.JPG,M09,SU,train
AM10\AM10AFHL.JPG,M10,AF,train
AM10\AM10AFHR.JPG,M10,AF,train
AM10\AM10AFS.JPG,M10,AF,train
AM10\AM10ANHL.JPG,M10,AN,train
AM10\AM10ANHR.JPG,M10,AN,train
AM10\AM10ANS.JPG,M10,AN,train
AM10\AM10DIHL.JPG,M10,DI,train
AM10\AM10DIHR.JPG,M10,DI,train
AM10\AM10DIS.JPG,M10,DI,train
AM10\AM10HAHL.JPG,M10,HA,train
AM10\AM10HAHR.JPG,M10,HA,train
AM10\AM10HAS.JPG,M10,HA,train
AM10\AM10NEHL.JPG,M10,NE,train
AM10\AM10NEHR.JPG,M10,NE,train
AM10\AM10NES.JPG,M10,NE,train
AM10\AM10SAHL.JPG,M10,SA,train
AM10\AM10SAHR.JPG,M10,SA,train
AM10\AM10SAS.JPG,M10,SA,train
AM10\AM10SUHL.JPG,M10,SU,train
AM10\AM10SUHR.JPG,M10,SU,train
AM10\AM10SUS.JPG,M10,SU,train
AM11\AM11AFHL.JPG,M11,AF,train
AM11\AM11AFHR.JPG,M11,AF,train
AM11\AM11AFS.JPG,M11,AF,train
AM11\AM11ANHL.JPG,M11,AN,train
AM11\AM11ANHR.JPG,M11,AN,train
AM11\AM11ANS.JPG,M11,AN,train
AM11\AM11DIHL.JPG,M11,DI,train
AM11\AM11DIHR.JPG,M11,DI,train
AM11\AM11DIS.JPG,M11,DI,train
AM11\AM11HAHL.JPG,M11,HA,train
AM11\AM11HAHR.JPG,M11,HA,train
AM11\AM11HAS.JPG,M11,HA,train
AM11\AM11NEHL.JPG,M11,NE,train
AM11\AM11NEHR.JPG,M11,NE,train
AM11\AM11NES.JPG,M11,NE,train
AM11\AM11SAHL.JPG,M11,SA,train
AM11\AM11SAHR.JPG,M11,SA,train
AM11\AM11SAS.JPG,M11,SA,train
AM11\AM11SUHL.JPG,M11,SU,train
AM11\AM11SUHR.JPG,M11,SU,train
AM11\AM11SUS.JPG,M11,SU,train
AM12\AM12AFHL.JPG,M12,AF,train
AM12\AM12AFHR.JPG,M12,AF,train
AM12\AM12AFS.JPG,M12,AF,train
AM12\AM12ANHL.JPG,M12,AN,train
AM12\AM12ANHR.JPG,M12,AN,train
AM12\AM12ANS.JPG,M12,AN,train
AM12\AM12DIHL.JPG,M12,DI,train
AM12\AM12DIHR.JPG,M12,DI,train
AM12\AM12DIS.JPG,M12,DI,train
AM12\AM12HAHL.JPG,M12,HA,train
AM12\AM12HAHR.JPG,M12,HA,train
AM12\AM12HAS.JPG,M12,HA,train
AM12\AM12NEHL.JPG,M12,NE,train
AM12\AM12NEHR.JPG,M12,NE,train
AM12\AM12NES.JPG,M12,NE,train
AM12\AM12SAHL.JPG,M12,SA,train
AM12\AM12SAHR.JPG,M12,SA,train
AM12\AM12SAS.JPG,M12,SA,train
AM12\AM12SUHL.JPG,M12,SU,train
AM12\AM12SUHR.JPG,M12,SU,train
AM12\AM12SUS.JPG,M12,SU,train
AM13\AM13AFHL.JPG,M13,AF,train
AM13\AM13AFHR.JPG,M13,AF,train
AM13\AM13AFS.JPG,M13,AF,train
AM13\AM13ANHL.JPG,M13,AN,train
AM13\AM13ANHR.JPG,M13,AN,train
AM13\AM13ANS.JPG,M13,AN,train
AM13\AM13DIHL.JPG,M13,DI,train
AM13\AM13DIHR.JPG,M13,DI,train
AM13\AM13DIS.JPG,M13,DI,train
AM13\AM13HAHL.JPG,M13,HA,train
AM13\AM13HAHR.JPG,M13,HA,train
AM13\AM13HAS.JPG,M13,HA,train
AM13\AM13NEHL.JPG,M13,NE,train
AM13\AM13NEHR.JPG,M13,NE,train
AM13\AM13NES.JPG,M13,NE,train
AM13\AM13SAHL.JPG,M13,SA,train
AM13\AM13SAHR.JPG,M13,SA,train
AM13\AM13SAS.JPG,M13,SA,train
AM13\AM13SUHL.JPG,M13,SU,train
AM13\AM13SUHR.JPG,M13,SU,train
AM13\AM13SUS.JPG,M13,SU,train
AM14\AM14AFHL.JPG,M14,AF,train
AM14\AM14AFHR.JPG,M14,AF,train
AM14\AM14AFS.JPG,M14,AF,train
AM14\AM14ANHL.JPG,M14,AN,train
AM14\AM14ANHR.JPG,M14,AN,train
AM14\AM14ANS.JPG,M14,AN,train
AM14\AM14DIHL.JPG,M14,DI,train
AM14\AM14DIHR.JPG,M14,DI,train
AM14\AM14DIS.JPG,M14,DI,train
AM14\AM14HAHL.JPG,M14,HA,train
AM14\AM14HAHR.JPG,M14,HA,train
AM14\AM14HAS.JPG,M14,HA,train
AM14\AM14NEHL.JPG,M14,NE,train
AM14\AM14NEHR.JPG,M14,NE,train
AM14\AM14NES.JPG,M14,NE,train
AM14\AM14SAHL.JPG,M14,SA,train
AM14\AM14SAHR.JPG,M14,SA,train
AM14\AM14SAS.JPG,M14,SA,train
AM14\AM14SUHL.JPG,M14,SU,train
AM14\AM14SUHR.JPG,M14,SU,train
AM14\AM14SUS.JPG,M14,SU,train
AM15\AM15AFHL.JPG,M15,AF,train
AM15\AM15AFHR.JPG,M15,AF,train
AM15\AM15AFS.JPG,M15,AF,train
AM15\AM15ANHL.JPG,M15,AN,train
AM15\AM15ANHR.JPG,M15,AN,train
AM15\AM15ANS.JPG,M15,AN,train
AM15\AM15DIHL.JPG,M15,DI,train
AM15\AM15DIHR.JPG,M15,DI,train
AM15\AM15DIS.JPG,M15,DI,train
AM15\AM15HAHL.JPG,M15,HA,train
AM15\AM15HAHR.JPG,M15,HA,train
AM15\AM15HAS.JPG,M15,HA,train
AM15\AM15NEHL.JPG,M15,NE,train
AM15\AM15NEHR.JPG,M15,NE,train
AM15\AM15NES.JPG,M15,NE,train
AM15\AM15SAHL.JPG,M15,SA,train
AM15\AM15SAHR.JPG,M15,SA,train
AM15\AM15SAS.JPG,M15,SA,train
AM15\AM15SUHL.JPG,M15,SU,train
AM15\AM15SUHR.JPG,M15,SU,train
AM15\AM15SUS.JPG,M15,SU,train
AM16\AM16AFHL.JPG,M16,AF,val
AM16\AM16AFHR.JPG,M16,AF,val
AM16\AM16AFS.JPG,M16,AF,val
AM16\AM16ANHL.JPG,M16,AN,val
AM16\AM16ANHR.JPG,M16,AN,val
AM16\AM16ANS.JPG,M16,AN,val
AM16\AM16DIHL.JPG,M16,DI,val
AM16\AM16DIHR.JPG,M16,DI,val
AM16\AM16DIS.JPG,M16,DI,val
AM16\AM16HAHL.JPG,M16,HA,val
AM16\AM16HAHR.JPG,M16,HA,val
AM16\AM16HAS.JPG,M16,HA,val
AM16\AM16NEHL.JPG,M16,NE,val
AM16\AM16NEHR.JPG,M16,NE,val
AM16\AM16NES.JPG,M16,NE,val
AM16\AM16SAHL.JPG,M16,SA,val
AM16\AM16SAHR.JPG,M16,SA,val
AM16\AM16SAS.JPG,M16,SA,val
AM16\AM16SUHL.JPG,M16,SU,val
AM16\AM16SUHR.JPG,M16,SU,val
AM16\AM16SUS.JPG,M16,SU,val
AM17\AM17AFHL.JPG,M17,AF,train
AM17\AM17AFHR.JPG,M17,AF,train
AM17\AM17AFS.JPG,M17,AF,train
AM17\AM17ANHL.JPG,M17,AN,train
AM17\AM17ANHR.JPG,M17,AN,train
AM17\AM17ANS.JPG,M17,AN,train
AM17\AM17DIHL.JPG,M17,DI,train
AM17\AM17DIHR.JPG,M17,DI,train
AM17\AM17DIS.JPG,M17,DI,train
AM17\AM17HAHL.JPG,M17,HA,train
AM17\AM17HAHR.JPG,M17,HA,train
AM17\AM17HAS.JPG,M17,HA,train
AM17\AM17NEHL.JPG,M17,NE,train
AM17\AM17NEHR.JPG,M17,NE,train
AM17\AM17NES.JPG,M17,NE,train
AM17\AM17SAHL.JPG,M17,SA,train
AM17\AM17SAHR.JPG,M17,SA,train
AM17\AM17SAS.JPG,M17,SA,train
AM17\AM17SUHL.JPG,M17,SU,train
AM17\AM17SUHR.JPG,M17,SU,train
AM17\AM17SUS.JPG,M17,SU,train
AM18\AM18AFHL.JPG,M18,AF,val
AM18\AM18AFHR.JPG,M18,AF,val
AM18\AM18AFS.JPG,M18,AF,val
AM18\AM18ANHL.JPG,M18,AN,val
AM18\AM18ANHR.JPG,M18,AN,val
AM18\AM18ANS.JPG,M18,AN,val
AM18\AM18DIHL.JPG,M18,DI,val
AM18\AM18DIHR.JPG,M18,DI,val
AM18\AM18DIS.JPG,M18,DI,val
AM18\AM18HAHL.JPG,M18,HA,val
AM18\AM18HAHR.JPG,M18,HA,val
AM18\AM18HAS.JPG,M18,HA,val
AM18\AM18NEHL.JPG,M18,NE,val
AM18\AM18NEHR.JPG,M18,NE,val
AM18\AM18NES.JPG,M18,NE,val
AM18\AM18SAHL.JPG,M18,SA,val
AM18\AM18SAHR.JPG,M18,SA,val
AM18\AM18SAS.JPG,M18,SA,val
AM18\AM18SUHL.JPG,M18,SU,val
AM18\AM18SUHR.JPG,M18,SU,val
AM18\AM18SUS.JPG,M18,SU,val
AM19\AM19AFHL.JPG,M19,AF,train
AM19\AM19AFHR.JPG,M19,AF,train
AM19\AM19AFS.JPG,M19,AF,train
AM19\AM19ANHL.JPG,M19,AN,train
AM19\AM19ANHR.JPG,M19,AN,train
AM19\AM19ANS.JPG,M19,AN,train
AM19\AM19DIHL.JPG,M19,DI,train
AM19\AM19DIHR.JPG,M19,DI,train
AM19\AM19DIS.JPG,M19,DI,train
AM19\AM19HAHL.JPG,M19,HA,train
AM19\AM19HAHR.JPG,M19,HA,train
AM19\AM19HAS.JPG,M19,HA,train
AM19\AM19NEHL.JPG,M19,NE,train
AM19\AM19NEHR.JPG,M19,NE,train
AM19\AM19NES.JPG,M19,NE,train
AM19\AM19SAHL.JPG,M19,SA,train
AM19\AM19SAHR.JPG,M19,SA,train
AM19\AM19SAS.JPG,M19,SA,train
AM19\AM19SUHL.JPG,M19,SU,train
AM19\AM19SUHR.JPG,M19,SU,train
AM19\AM19SUS.JPG,M19,SU,train
AM20\AM20AFHL.JPG,M20,AF,test
AM20\AM20AFHR.JPG,M20,AF,test
AM20\AM20AFS.JPG,M20,AF,test
AM20\AM20ANHL.JPG,M20,AN,test
AM20\AM20ANHR.JPG,M20,AN,test
AM20\AM20ANS.JPG,M20,AN,test
AM20\AM20DIHL.JPG,M20,DI,test
AM20\AM20DIHR.JPG,M20,DI,test
AM20\AM20DIS.JPG,M20,DI,test
AM20\AM20HAHL.JPG,M20,HA,test
AM20\AM20HAHR.JPG,M20,HA,test
AM20\AM20HAS.JPG,M20,HA,test
AM20\AM20NEHL.JPG,M20,NE,test
AM20\AM20NEHR.JPG,M20,NE,test
AM20\AM20NES.JPG,M20,NE,test
AM20\AM20SAHL.JPG,M20,SA,test
AM20\AM20SAHR.JPG,M20,SA,test
AM20\AM20SAS.JPG,M20,SA,test
AM20\AM20SUHL.JPG,M20,SU,test
AM20\AM20SUHR.JPG,M20,SU,test
AM20\AM20SUS.JPG,M20,SU,test
AM21\AM21AFHL.JPG,M21,AF,train
AM21\AM21AFHR.JPG,M21,AF,train
AM21\AM21AFS.JPG,M21,AF,train
AM21\AM21ANHL.JPG,M21,AN,train
AM21\AM21ANHR.JPG,M21,AN,train
AM21\AM21ANS.JPG,M21,AN,train
AM21\AM21DIHL.JPG,M21,DI,train
AM21\AM21DIHR.JPG,M21,DI,train
AM21\AM21DIS.JPG,M21,DI,train
AM21\AM21HAHL.JPG,M21,HA,train
AM21\AM21HAHR.JPG,M21,HA,train
AM21\AM21HAS.JPG,M21,HA,train
AM21\AM21NEHL.JPG,M21,NE,train
AM21\AM21NEHR.JPG,M21,NE,train
AM21\AM21NES.JPG,M21,NE,train
AM21\AM21SAHL.JPG,M21,SA,train
AM21\AM21SAHR.JPG,M21,SA,train
AM21\AM21SAS.JPG,M21,SA,train
AM21\AM21SUHL.JPG,M21,SU,train
AM21\AM21SUHR.JPG,M21,SU,train
AM21\AM21SUS.JPG,M21,SU,train
AM22\AM22AFHL.JPG,M22,AF,train
AM22\AM22AFHR.JPG,M22,AF,train
AM22\AM22AFS.JPG,M22,AF,train
AM22\AM22ANHL.JPG,M22,AN,train
AM22\AM22ANHR.JPG,M22,AN,train
AM22\AM22ANS.JPG,M22,AN,train
AM22\AM22DIHL.JPG,M22,DI,train
AM22\AM22DIHR.JPG,M22,DI,train
AM22\AM22DIS.JPG,M22,DI,train
AM22\AM22HAHL.JPG,M22,HA,train
AM22\AM22HAHR.JPG,M22,HA,train
AM22\AM22HAS.JPG,M22,HA,train
AM22\AM22NEHL.JPG,M22,NE,train
AM22\AM22NEHR.JPG,M22,NE,train
AM22\AM22NES.JPG,M22,NE,train
AM22\AM22SAHL.JPG,M22,SA,train
AM22\AM22SAHR.JPG,M22,SA,train
AM22\AM22SAS.JPG,M22,SA,train
AM22\AM22SUHL.JPG,M22,SU,train
AM22\AM22SUHR.JPG,M22,SU,train
AM22\AM22SUS.JPG,M22,SU,train
AM23\AM23AFHL.JPG,M23,AF,train
AM23\AM23AFHR.JPG,M23,AF,train
AM23\AM23AFS.JPG,M23,AF,train
AM23\AM23ANHL.JPG,M23,AN,train
AM23\AM23ANHR.JPG,M23,AN,train
AM23\AM23ANS.JPG,M23,AN,train
AM23\AM23DIHL.JPG,M23,DI,train
AM23\AM23DIHR.JPG,M23,DI,train
AM23\AM23DIS.JPG,M23,DI,train
AM23\AM23HAHL.JPG,M23,HA,train
AM23\AM23HAHR.JPG,M23,HA,train
AM23\AM23HAS.JPG,M23,HA,train
AM23\AM23NEHL.JPG,M23,NE,train
AM23\AM23NEHR.JPG,M23,NE,train
AM23\AM23NES.JPG,M23,NE,train
AM23\AM23SAHL.JPG,M23,SA,train
AM23\AM23SAHR.JPG,M23,SA,train
AM23\AM23SAS.JPG,M23,SA,train
AM23\AM23SUHL.JPG,M23,SU,train
AM23\AM23SUHR.JPG,M23,SU,train
AM23\AM23SUS.JPG,M23,SU,train
AM24\AM24AFHL.JPG,M24,AF,train
AM24\AM24AFHR.JPG,M24,AF,train
AM24\AM24AFS.JPG,M24,AF,train
AM24\AM24ANHL.JPG,M24,AN,train
AM24\AM24ANHR.JPG,M24,AN,train
AM24\AM24ANS.JPG,M24,AN,train
AM24\AM24DIHL.JPG,M24,DI,train
AM24\AM24DIHR.JPG,M24,DI,train
AM24\AM24DIS.JPG,M24,DI,train
AM24\AM24HAHL.JPG,M24,HA,train
AM24\AM24HAHR.JPG,M24,HA,train
AM24\AM24HAS.JPG,M24,HA,train
AM24\AM24NEHL.JPG,M24,NE,train
AM24\AM24NEHR.JPG,M24,NE,train
AM24\AM24NES.JPG,M24,NE,train
AM24\AM24SAHL.JPG,M24,SA,train
AM24\AM24SAHR.JPG,M24,SA,train
AM24\AM24SAS.JPG,M24,SA,train
AM24\AM24SUHL.JPG,M24,SU,train
AM24\AM24SUHR.JPG,M24,SU,train
AM24\AM24SUS.JPG,M24,SU,train
AM25\AM25AFHL.JPG,M25,AF,train
AM25\AM25AFHR.JPG,M25,AF,train
AM25\AM25AFS.JPG,M25,AF,train
AM25\AM25ANHL.JPG,M25,AN,train
AM25\AM25ANHR.JPG,M25,AN,train
AM25\AM25ANS.JPG,M25,AN,train
AM25\AM25DIHL.JPG,M25,DI,train
AM25\AM25DIHR.JPG,M25,DI,train
AM25\AM25DIS.JPG,M25,DI,train
AM25\AM25HAHL.JPG,M25,HA,train
AM25\AM25HAHR.JPG,M25,HA,train
AM25\AM25HAS.JPG,M25,HA,train
AM25\AM25NEHL.JPG,M25,NE,train
AM25\AM25NEHR.JPG,M25,NE,train
AM25\AM25NES.JPG,M25,NE,train
AM25\AM25SAHL.JPG,M25,SA,train
AM25\AM25SAHR.JPG,M25,SA,train
AM25\AM25SAS.JPG,M25,SA,train
AM25\AM25SUHL.JPG,M25,SU,train
AM25\AM25SUHR.JPG,M25,SU,train
AM25\AM25SUS.JPG,M25,SU,train
AM26\AM26AFHL.JPG,M26,AF,train
AM26\AM26AFHR.JPG,M26,AF,train
AM26\AM26AFS.JPG,M26,AF,train
AM26\AM26ANHL.JPG,M26,AN,train
AM26\AM26ANHR.JPG,M26,AN,train
AM26\AM26ANS.JPG,M26,AN,train
AM26\AM26DIHL.JPG,M26,DI,train
AM26\AM26DIHR.JPG,M26,DI,train
AM26\AM26DIS.JPG,M26,DI,train
AM26\AM26HAHL.JPG,M26,HA,train
AM26\AM26HAHR.JPG,M26,HA,train
AM26\AM26HAS.JPG,M26,HA,train
AM26\AM26NEHL.JPG,M26,NE,train
AM26\AM26NEHR.JPG,M26,NE,train
AM26\AM26NES.JPG,M26,NE,train
AM26\AM26SAHL.JPG,M26,SA,train
AM26\AM26SAHR.JPG,M26,SA,train
AM26\AM26SAS.JPG,M26,SA,train
AM26\AM26SUHL.JPG,M26,SU,train
AM26\AM26SUHR.JPG,M26,SU,train
AM26\AM26SUS.JPG,M26,SU,train
AM27\AM27AFHL.JPG,M27,AF,val
AM27\AM27AFHR.JPG,M27,AF,val
AM27\AM27AFS.JPG,M27,AF,val
AM27\AM27ANHL.JPG,M27,AN,val
AM27\AM27ANHR.JPG,M27,AN,val
AM27\AM27ANS.JPG,M27,AN,val
AM27\AM27DIHL.JPG,M27,DI,val
AM27\AM27DIHR.JPG,M27,DI,val
AM27\AM27DIS.JPG,M27,DI,val
AM27\AM27HAHL.JPG,M27,HA,val
AM27\AM27HAHR.JPG,M27,HA,val
AM27\AM27HAS.JPG,M27,HA,val
AM27\AM27NEHL.JPG,M27,NE,val
AM27\AM27NEHR.JPG,M27,NE,val
AM27\AM27NES.JPG,M27,NE,val
AM27\AM27SAHL.JPG,M27,SA,val
AM27\AM27SAHR.JPG,M27,SA,val
AM27\AM27SAS.JPG,M27,SA,val
AM27\AM27SUHL.JPG,M27,SU,val
AM27\AM27SUHR.JPG,M27,SU,val
AM27\AM27SUS.JPG,M27,SU,val
AM28\AM28AFHL.JPG,M28,AF,train
AM28\AM28AFHR.JPG,M28,AF,train
AM28\AM28AFS.JPG,M28,AF,train
AM28\AM28ANHL.JPG,M28,AN,train
AM28\AM28ANHR.JPG,M28,AN,train
AM28\AM28ANS.JPG,M28,AN,train
AM28\AM28DIHL.JPG,M28,DI,train
AM28\AM28DIHR.JPG,M28,DI,train
AM28\AM28DIS.JPG,M28,DI,train
AM28\AM28HAHL.JPG,M28,HA,train
AM28\AM28HAHR.JPG,M28,HA,train
AM28\AM28HAS.JPG,M28,HA,train
AM28\AM28NEHL.JPG,M28,NE,train
AM28\AM28NEHR.JPG,M28,NE,train
AM28\AM28NES.JPG,M28,NE,train
AM28\AM28SAHL.JPG,M28,SA,train
AM28\AM28SAHR.JPG,M28,SA,train
AM28\AM28SAS.JPG,M28,SA,train
AM28\AM28SUHL.JPG,M28,SU,train
AM28\AM28SUHR.JPG,M28,SU,train
AM28\AM28SUS.JPG,M28,SU,train
AM29\AM29AFHL.JPG,M29,AF,train
AM29\AM29AFHR.JPG,M29,AF,train
AM29\AM29AFS.JPG,M29,AF,train
AM29\AM29ANHL.JPG,M29,AN,train
AM29\AM29ANHR.JPG,M29,AN,train
AM29\AM29ANS.JPG,M29,AN,train
AM29\AM29DIHL.JPG,M29,DI,train
AM29\AM29DIHR.JPG,M29,DI,train
AM29\AM29DIS.JPG,M29,DI,train
AM29\AM29HAHL.JPG,M29,HA,train
AM29\AM29HAHR.JPG,M29,HA,train
AM29\AM29HAS.JPG,M29,HA,train
AM29\AM29NEHL.JPG,M29,NE,train
AM29\AM29NEHR.JPG,M29,NE,train
AM29\AM29NES.JPG,M29,NE,train
AM29\AM29SAHL.JPG,M29,SA,train
AM29\AM29SAHR.JPG,M29,SA,train
AM29\AM29SAS.JPG,M29,SA,train
AM29\AM29SUHL.JPG,M29,SU,train
AM29\AM29SUHR.JPG,M29,SU,train
AM29\AM29SUS.JPG,M29,SU,train
AM30\AM30AFHL.JPG,M30,AF,train
AM30\AM30AFHR.JPG,M30,AF,train
AM30\AM30AFS.JPG,M30,AF,train
AM30\AM30ANHL.JPG,M30,AN,train
AM30\AM30ANHR.JPG,M30,AN,train
AM30\AM30ANS.JPG,M30,AN,train
AM30\AM30DIHL.JPG,M30,DI,train
AM30\AM30DIHR.JPG,M30,DI,train
AM30\AM30DIS.JPG,M30,DI,train
AM30\AM30HAHL.JPG,M30,HA,train
AM30\AM30HAHR.JPG,M30,HA,train
AM30\AM30HAS.JPG,M30,HA,train
AM30\AM30NEHL.JPG,M30,NE,train
AM30\AM30NEHR.JPG,M30,NE,train
AM30\AM30NES.JPG,M30,NE,train
AM30\AM30SAHL.JPG,M30,SA,train
AM30\AM30SAHR.JPG,M30,SA,train
AM30\AM30SAS.JPG,M30,SA,train
AM30\AM30SUHL.JPG,M30,SU,train
AM30\AM30SUHR.JPG,M30,SU,train
AM30\AM30SUS.JPG,M30,SU,train
AM31\AM31AFHL.JPG,M31,AF,train
AM31\AM31AFHR.JPG,M31,AF,train
AM31\AM31AFS.JPG,M31,AF,train
AM31\AM31ANHL.JPG,M31,AN,train
AM31\AM31ANHR.JPG,M31,AN,train
AM31\AM31ANS.JPG,M31,AN,train
AM31\AM31DIHL.JPG,M31,DI,train
AM31\AM31DIHR.JPG,M31,DI,train
AM31\AM31DIS.JPG,M31,DI,train
AM31\AM31HAHL.JPG,M31,HA,train
AM31\AM31HAHR.JPG,M31,HA,train
AM31\AM31HAS.JPG,M31,HA,train
AM31\AM31NEHL.JPG,M31,NE,train
AM31\AM31NEHR.JPG,M31,NE,train
AM31\AM31NES.JPG,M31,NE,train
AM31\AM31SAHL.JPG,M31,SA,train
AM31\AM31SAHR.JPG,M31,SA,train
AM31\AM31SAS.JPG,M31,SA,train
AM31\AM31SUHL.JPG,M31,SU,train
AM31\AM31SUHR.JPG,M31,SU,train
AM31\AM31SUS.JPG,M31,SU,train
AM32\AM32AFHL.JPG,M32,AF,test
AM32\AM32AFHR.JPG,M32,AF,test
AM32\AM32AFS.JPG,M32,AF,test
AM32\AM32ANHL.JPG,M32,AN,test
AM32\AM32ANHR.JPG,M32,AN,test
AM32\AM32ANS.JPG,M32,AN,test
AM32\AM32DIHL.JPG,M32,DI,test
AM32\AM32DIHR.JPG,M32,DI,test
AM32\AM32DIS.JPG,M32,DI,test
AM32\AM32HAHL.JPG,M32,HA,test
AM32\AM32HAHR.JPG,M32,HA,test
AM32\AM32HAS.JPG,M32,HA,test
AM32\AM32NEHL.JPG,M32,NE,test
AM32\AM32NEHR.JPG,M32,NE,test
AM32\AM32NES.JPG,M32,NE,test
AM32\AM32SAHL.JPG,M32,SA,test
AM32\AM32SAHR.JPG,M32,SA,test
AM32\AM32SAS.JPG,M32,SA,test
AM32\AM32SUHL.JPG,M32,SU,test
AM32\AM32SUHR.JPG,M32,SU,test
AM32\AM32SUS.JPG,M32,SU,test
AM33\AM33AFHL.JPG,M33,AF,test
AM33\AM33AFHR.JPG,M33,AF,test
AM33\AM33AFS.JPG,M33,AF,test
AM33\AM33ANHL.JPG,M33,AN,test
AM33\AM33ANHR.JPG,M33,AN,test
AM33\AM33ANS.JPG,M33,AN,test
AM33\AM33DIHL.JPG,M33,DI,test
AM33\AM33DIHR.JPG,M33,DI,test
AM33\AM33DIS.JPG,M33,DI,test
AM33\AM33HAHL.JPG,M33,HA,test
AM33\AM33HAHR.JPG,M33,HA,test
AM33\AM33HAS.JPG,M33,HA,test
AM33\AM33NEHL.JPG,M33,NE,test
AM33\AM33NEHR.JPG,M33,NE,test
AM33\AM33NES.JPG,M33,NE,test
AM33\AM33SAHL.JPG,M33,SA,test
AM33\AM33SAHR.JPG,M33,SA,test
AM33\AM33SAS.JPG,M33,SA,test
AM33\AM33SUHL.JPG,M33,SU,test
AM33\AM33SUHR.JPG,M33,SU,test
AM33\AM33SUS.JPG,M33,SU,test
AM34\AM34AFHL.JPG,M34,AF,val
AM34\AM34AFHR.JPG,M34,AF,val
AM34\AM34AFS.JPG,M34,AF,val
AM34\AM34ANHL.JPG,M34,AN,val
AM34\AM34ANHR.JPG,M34,AN,val
AM34\AM34ANS.JPG,M34,AN,val
AM34\AM34DIHL.JPG,M34,DI,val
AM34\AM34DIHR.JPG,M34,DI,val
AM34\AM34DIS.JPG,M34,DI,val
AM34\AM34HAHL.JPG,M34,HA,val
AM34\AM34HAHR.JPG,M34,HA,val
AM34\AM34HAS.JPG,M34,HA,val
AM34\AM34NEHL.JPG,M34,NE,val
AM34\AM34NEHR.JPG,M34,NE,val
AM34\AM34NES.JPG,M34,NE,val
AM34\AM34SAHL.JPG,M34,SA,val
AM34\AM34SAHR.JPG,M34,SA,val
AM34\AM34SAS.JPG,M34,SA,val
AM34\AM34SUHL.JPG,M34,SU,val
AM34\AM34SUHR.JPG,M34,SU,val
AM34\AM34SUS.JPG,M34,SU,val
AM35\AM35AFHL.JPG,M35,AF,train
AM35\AM35AFHR.JPG,M35,AF,train
AM35\AM35AFS.JPG,M35,AF,train
AM35\AM35ANHL.JPG,M35,AN,train
AM35\AM35ANHR.JPG,M35,AN,train
AM35\AM35ANS.JPG,M35,AN,train
AM35\AM35DIHL.JPG,M35,DI,train
AM35\AM35DIHR.JPG,M35,DI,train
AM35\AM35DIS.JPG,M35,DI,train
AM35\AM35HAHL.JPG,M35,HA,train
AM35\AM35HAHR.JPG,M35,HA,train
AM35\AM35HAS.JPG,M35,HA,train
AM35\AM35NEHL.JPG,M35,NE,train
AM35\AM35NEHR.JPG,M35,NE,train
AM35\AM35NES.JPG,M35,NE,train
AM35\AM35SAHL.JPG,M35,SA,train
AM35\AM35SAHR.JPG,M35,SA,train
AM35\AM35SAS.JPG,M35,SA,train
AM35\AM35SUHL.JPG,M35,SU,train
AM35\AM35SUHR.JPG,M35,SU,train
AM35\AM35SUS.JPG,M35,SU,train
BF01\BF01AFHL.JPG,F01,AF,train
BF01\BF01AFHR.JPG,F01,AF,train
BF01\BF01AFS.JPG,F01,AF,train
BF01\BF01ANHL.JPG,F01,AN,train
BF01\BF01ANHR.JPG,F01,AN,train
BF01\BF01ANS.JPG,F01,AN,train
BF01\BF01DIHL.JPG,F01,DI,train
BF01\BF01DIHR.JPG,F01,DI,train
BF01\BF01DIS.JPG,F01,DI,train
BF01\BF01HAHL.JPG,F01,HA,train
BF01\BF01HAHR.JPG,F01,HA,train
BF01\BF01HAS.JPG,F01,HA,train
BF01\BF01NEHL.JPG,F01,NE,train
BF01\BF01NEHR.JPG,F01,NE,train
BF01\BF01NES.JPG,F01,NE,train
BF01\BF01SAHL.JPG,F01,SA,train
BF01\BF01SAHR.JPG,F01,SA,train
BF01\BF01SAS.JPG,F01,SA,train
BF01\BF01SUHL.JPG,F01,SU,train
BF01\BF01SUHR.JPG,F01,SU,train
BF01\BF01SUS.JPG,F01,SU,train
BF02\BF02AFHL.JPG,F02,AF,test
BF02\BF02AFHR.JPG,F02,AF,test
BF02\BF02AFS.JPG,F02,AF,test
BF02\BF02ANHL.JPG,F02,AN,test
BF02\BF02ANHR.JPG,F02,AN,test
BF02\BF02ANS.JPG,F02,AN,test
BF02\BF02DIHL.JPG,F02,DI,test
BF02\BF02DIHR.JPG,F02,DI,test
BF02\BF02DIS.JPG,F02,DI,test
BF02\BF02HAHL.JPG,F02,HA,test
BF02\BF02HAHR.JPG,F02,HA,test
BF02\BF02HAS.JPG,F02,HA,test
BF02\BF02NEHL.JPG,F02,NE,test
BF02\BF02NEHR.JPG,F02,NE,test
BF02\BF02NES.JPG,F02,NE,test
BF02\BF02SAHL.JPG,F02,SA,test
BF02\BF02SAHR.JPG,F02,SA,test
BF02\BF02SAS.JPG,F02,SA,test
BF02\BF02SUHL.JPG,F02,SU,test
BF02\BF02SUHR.JPG,F02,SU,test
BF02\BF02SUS.JPG,F02,SU,test
BF03\BF03AFHL.JPG,F03,AF,train
BF03\BF03AFHR.JPG,F03,AF,train
BF03\BF03AFS.JPG,F03,AF,train
BF03\BF03ANHL.JPG,F03,AN,train
BF03\BF03ANHR.JPG,F03,AN,train
BF03\BF03ANS.JPG,F03,AN,train
BF03\BF03DIHL.JPG,F03,DI,train
BF03\BF03DIHR.JPG,F03,DI,train
BF03\BF03DIS.JPG,F03,DI,train
BF03\BF03HAHL.JPG,F03,HA,train
BF03\BF03HAHR.JPG,F03,HA,train
BF03\BF03HAS.JPG,F03,HA,train
BF03\BF03NEHL.JPG,F03,NE,train
BF03\BF03NEHR.JPG,F03,NE,train
BF03\BF03NES.JPG,F03,NE,train
BF03\BF03SAHL.JPG,F03,SA,train
BF03\BF03SAHR.JPG,F03,SA,train
BF03\BF03SAS.JPG,F03,SA,train
BF03\BF03SUHL.JPG,F03,SU,train
BF03\BF03SUHR.JPG,F03,SU,train
BF03\BF03SUS.JPG,F03,SU,train
BF04\BF04AFHL.JPG,F04,AF,train
BF04\BF04AFHR.JPG,F04,AF,train
BF04\BF04AFS.JPG,F04,AF,train
BF04\BF04ANHL.JPG,F04,AN,train
BF04\BF04ANHR.JPG,F04,AN,train
BF04\BF04ANS.JPG,F04,AN,train
BF04\BF04DIHL.JPG,F04,DI,train
BF04\BF04DIHR.JPG,F04,DI,train
BF04\BF04DIS.JPG,F04,DI,train
BF04\BF04HAHL.JPG,F04,HA,train
BF04\BF04HAHR.JPG,F04,HA,train
BF04\BF04HAS.JPG,F04,HA,train
BF04\BF04NEHL.JPG,F04,NE,train
BF04\BF04NEHR.JPG,F04,NE,train
BF04\BF04NES.JPG,F04,NE,train
BF04\BF04SAHL.JPG,F04,SA,train
BF04\BF04SAHR.JPG,F04,SA,train
BF04\BF04SAS.JPG,F04,SA,train
BF04\BF04SUHL.JPG,F04,SU,train
BF04\BF04SUHR.JPG,F04,SU,train
BF04\BF04SUS.JPG,F04,SU,train
BF05\BF05AFHL.JPG,F05,AF,train
BF05\BF05AFHR.JPG,F05,AF,train
BF05\BF05AFS.JPG,F05,AF,train
BF05\BF05ANHL.JPG,F05,AN,train
BF05\BF05ANHR.JPG,F05,AN,train
BF05\BF05ANS.JPG,F05,AN,train
BF05\BF05DIHL.JPG,F05,DI,train
BF05\BF05DIHR.JPG,F05,DI,train
BF05\BF05DIS.JPG,F05,DI,train
BF05\BF05HAHL.JPG,F05,HA,train
BF05\BF05HAHR.JPG,F05,HA,train
BF05\BF05HAS.JPG,F05,HA,train
BF05\BF05NEHL.JPG,F05,NE,train
BF05\BF05NEHR.JPG,F05,NE,train
BF05\BF05NES.JPG,F05,NE,train
BF05\BF05SAHL.JPG,F05,SA,train
BF05\BF05SAHR.JPG,F05,SA,train
BF05\BF05SAS.JPG,F05,SA,train
BF05\BF05SUHL.JPG,F05,SU,train
BF05\BF05SUHR.JPG,F05,SU,train
BF05\BF05SUS.JPG,F05,SU,train
BF06\BF06AFHL.JPG,F06,AF,val
BF06\BF06AFHR.JPG,F06,AF,val
BF06\BF06AFS.JPG,F06,AF,val
BF06\BF06ANHL.JPG,F06,AN,val
BF06\BF06ANHR.JPG,F06,AN,val
BF06\BF06ANS.JPG,F06,AN,val
BF06\BF06DIHL.JPG,F06,DI,val
BF06\BF06DIHR.JPG,F06,DI,val
BF06\BF06DIS.JPG,F06,DI,val
BF06\BF06HAHL.JPG,F06,HA,val
BF06\BF06HAHR.JPG,F06,HA,val
BF06\BF06HAS.JPG,F06,HA,val
BF06\BF06NEHL.JPG,F06,NE,val
BF06\BF06NEHR.JPG,F06,NE,val
BF06\BF06NES.JPG,F06,NE,val
BF06\BF06SAHL.JPG,F06,SA,val
BF06\BF06SAHR.JPG,F06,SA,val
BF06\BF06SAS.JPG,F06,SA,val
BF06\BF06SUHL.JPG,F06,SU,val
BF06\BF06SUHR.JPG,F06,SU,val
BF06\BF06SUS.JPG,F06,SU,val
BF07\BF07AFHL.JPG,F07,AF,train
BF07\BF07AFHR.JPG,F07,AF,train
BF07\BF07AFS.JPG,F07,AF,train
BF07\BF07ANHL.JPG,F07,AN,train
BF07\BF07ANHR.JPG,F07,AN,train
BF07\BF07ANS.JPG,F07,AN,train
BF07\BF07DIHL.JPG,F07,DI,train
BF07\BF07DIHR.JPG,F07,DI,train
BF07\BF07DIS.JPG,F07,DI,train
BF07\BF07HAHL.JPG,F07,HA,train
BF07\BF07HAHR.JPG,F07,HA,train
BF07\BF07HAS.JPG,F07,HA,train
BF07\BF07NEHL.JPG,F07,NE,train
BF07\BF07NEHR.JPG,F07,NE,train
BF07\BF07NES.JPG,F07,NE,train
BF07\BF07SAHL.JPG,F07,SA,train
BF07\BF07SAHR.JPG,F07,SA,train
BF07\BF07SAS.JPG,F07,SA,train
BF07\BF07SUHL.JPG,F07,SU,train
BF07\BF07SUHR.JPG,F07,SU,train
BF07\BF07SUS.JPG,F07,SU,train
BF08\BF08AFHL.JPG,F08,AF,test
BF08\BF08AFHR.JPG,F08,AF,test
BF08\BF08AFS.JPG,F08,AF,test
BF08\BF08ANHL.JPG,F08,AN,test
BF08\BF08ANHR.JPG,F08,AN,test
BF08\BF08ANS.JPG,F08,AN,test
BF08\BF08DIHL.JPG,F08,DI,test
BF08\BF08DIHR.JPG,F08,DI,test
BF08\BF08DIS.JPG,F08,DI,test
BF08\BF08HAHL.JPG,F08,HA,test
BF08\BF08HAHR.JPG,F08,HA,test
BF08\BF08HAS.JPG,F08,HA,test
BF08\BF08NEHL.JPG,F08,NE,test
BF08\BF08NEHR.JPG,F08,NE,test
BF08\BF08NES.JPG,F08,NE,test
BF08\BF08SAHL.JPG,F08,SA,test
BF08\BF08SAHR.JPG,F08,SA,test
BF08\BF08SAS.JPG,F08,SA,test
BF08\BF08SUHL.JPG,F08,SU,test
BF08\BF08SUHR.JPG,F08,SU,test
BF08\BF08SUS.JPG,F08,SU,test
BF09\BF09AFHL.JPG,F09,AF,test
BF09\BF09AFHR.JPG,F09,AF,test
BF09\BF09AFS.JPG,F09,AF,test
BF09\BF09ANHL.JPG,F09,AN,test
BF09\BF09ANHR.JPG,F09,AN,test
BF09\BF09ANS.JPG,F09,AN,test
BF09\BF09DIHL.JPG,F09,DI,test
BF09\BF09DIHR.JPG,F09,DI,test
BF09\BF09DIS.JPG,F09,DI,test
BF09\BF09HAHL.JPG,F09,HA,test
BF09\BF09HAHR.JPG,F09,HA,test
BF09\BF09HAS.JPG,F09,HA,test
BF09\BF09NEHL.JPG,F09,NE,test
BF09\BF09NEHR.JPG,F09,NE,test
BF09\BF09NES.JPG,F09,NE,test
BF09\BF09SAHL.JPG,F09,SA,test
BF09\BF09SAHR.JPG,F09,SA,test
BF09\BF09SAS.JPG,F09,SA,test
BF09\BF09SUHL.JPG,F09,SU,test
BF09\BF09SUHR.JPG,F09,SU,test
BF09\BF09SUS.JPG,F09,SU,test
BF10\BF10AFHL.JPG,F10,AF,test
BF10\BF10AFHR.JPG,F10,AF,test
BF10\BF10AFS.JPG,F10,AF,test
BF10\BF10ANHL.JPG,F10,AN,test
BF10\BF10ANHR.JPG,F10,AN,test
BF10\BF10ANS.JPG,F10,AN,test
BF10\BF10DIHL.JPG,F10,DI,test
BF10\BF10DIHR.JPG,F10,DI,test
BF10\BF10DIS.JPG,F10,DI,test
BF10\BF10HAHL.JPG,F10,HA,test
BF10\BF10HAHR.JPG,F10,HA,test
BF10\BF10HAS.JPG,F10,HA,test
BF10\BF10NEHL.JPG,F10,NE,test
BF10\BF10NEHR.JPG,F10,NE,test
BF10\BF10NES.JPG,F10,NE,test
BF10\BF10SAHL.JPG,F10,SA,test
BF10\BF10SAHR.JPG,F10,SA,test
BF10\BF10SAS.JPG,F10,SA,test
BF10\BF10SUHL.JPG,F10,SU,test
BF10\BF10SUHR.JPG,F10,SU,test
BF10\BF10SUS.JPG,F10,SU,test
BF11\BF11AFHL.JPG,F11,AF,train
BF11\BF11AFHR.JPG,F11,AF,train
BF11\BF11AFS.JPG,F11,AF,train
BF11\BF11ANHL.JPG,F11,AN,train
BF11\BF11ANHR.JPG,F11,AN,train
BF11\BF11ANS.JPG,F11,AN,train
BF11\BF11DIHL.JPG,F11,DI,train
BF11\BF11DIHR.JPG,F11,DI,train
BF11\BF11DIS.JPG,F11,DI,train
BF11\BF11HAHL.JPG,F11,HA,train
BF11\BF11HAHR.JPG,F11,HA,train
BF11\BF11HAS.JPG,F11,HA,train
BF11\BF11NEHL.JPG,F11,NE,train
BF11\BF11NEHR.JPG,F11,NE,train
BF11\BF11NES.JPG,F11,NE,train
BF11\BF11SAHL.JPG,F11,SA,train
BF11\BF11SAHR.JPG,F11,SA,train
BF11\BF11SAS.JPG,F11,SA,train
BF11\BF11SUHL.JPG,F11,SU,train
BF11\BF11SUHR.JPG,F11,SU,train
BF11\BF11SUS.JPG,F11,SU,train
BF12\BF12AFHL.JPG,F12,AF,train
BF12\BF12AFHR.JPG,F12,AF,train
BF12\BF12AFS.JPG,F12,AF,train
BF12\BF12ANHL.JPG,F12,AN,train
BF12\BF12ANHR.JPG,F12,AN,train
BF12\BF12ANS.JPG,F12,AN,train
BF12\BF12DIHL.JPG,F12,DI,train
BF12\BF12DIHR.JPG,F12,DI,train
BF12\BF12DIS.JPG,F12,DI,train
BF12\BF12HAHL.JPG,F12,HA,train
BF12\BF12HAHR.JPG,F12,HA,train
BF12\BF12HAS.JPG,F12,HA,train
BF12\BF12NEHL.JPG,F12,NE,train
BF12\BF12NEHR.JPG,F12,NE,train
BF12\BF12NES.JPG,F12,NE,train
BF12\BF12SAHL.JPG,F12,SA,train
BF12\BF12SAHR.JPG,F12,SA,train
BF12\BF12SAS.JPG,F12,SA,train
BF12\BF12SUHL.JPG,F12,SU,train
BF12\BF12SUHR.JPG,F12,SU,train
BF12\BF12SUS.JPG,F12,SU,train
BF13\BF13AFHL.JPG,F13,AF,test
BF13\BF13AFHR.JPG,F13,AF,test
BF13\BF13AFS.JPG,F13,AF,test
BF13\BF13ANHL.JPG,F13,AN,test
BF13\BF13ANHR.JPG,F13,AN,test
BF13\BF13ANS.JPG,F13,AN,test
BF13\BF13DIHL.JPG,F13,DI,test
BF13\BF13DIHR.JPG,F13,DI,test
BF13\BF13DIS.JPG,F13,DI,test
BF13\BF13HAHL.JPG,F13,HA,test
BF13\BF13HAHR.JPG,F13,HA,test
BF13\BF13HAS.JPG,F13,HA,test
BF13\BF13NEHL.JPG,F13,NE,test
BF13\BF13NES.JPG,F13,NE,test
BF13\BF13SAHL.JPG,F13,SA,test
BF13\BF13SAHR.JPG,F13,SA,test
BF13\BF13SAS.JPG,F13,SA,test
BF13\BF13SUHL.JPG,F13,SU,test
BF13\BF13SUHR.JPG,F13,SU,test
BF13\BF13SUS.JPG,F13,SU,test
BF14\BF14AFHL.JPG,F14,AF,train
BF14\BF14AFHR.JPG,F14,AF,train
BF14\BF14AFS.JPG,F14,AF,train
BF14\BF14ANHL.JPG,F14,AN,train
BF14\BF14ANHR.JPG,F14,AN,train
BF14\BF14ANS.JPG,F14,AN,train
BF14\BF14DIHL.JPG,F14,DI,train
BF14\BF14DIHR.JPG,F14,DI,train
BF14\BF14DIS.JPG,F14,DI,train
BF14\BF14HAHL.JPG,F14,HA,train
BF14\BF14HAHR.JPG,F14,HA,train
BF14\BF14HAS.JPG,F14,HA,train
BF14\BF14NEHL.JPG,F14,NE,train
BF14\BF14NEHR.JPG,F14,NE,train
BF14\BF14NES.JPG,F14,NE,train
BF14\BF14SAHL.JPG,F14,SA,train
BF14\BF14SAHR.JPG,F14,SA,train
BF14\BF14SAS.JPG,F14,SA,train
BF14\BF14SUHL.JPG,F14,SU,train
BF14\BF14SUHR.JPG,F14,SU,train
BF14\BF14SUS.JPG,F14,SU,train
BF15\BF15AFHL.JPG,F15,AF,train
BF15\BF15AFHR.JPG,F15,AF,train
BF15\BF15AFS.JPG,F15,AF,train
BF15\BF15ANHL.JPG,F15,AN,train
BF15\BF15ANHR.JPG,F15,AN,train
BF15\BF15ANS.JPG,F15,AN,train
BF15\BF15DIHL.JPG,F15,DI,train
BF15\BF15DIHR.JPG,F15,DI,train
BF15\BF15DIS.JPG,F15,DI,train
BF15\BF15HAHL.JPG,F15,HA,train
BF15\BF15HAHR.JPG,F15,HA,train
BF15\BF15HAS.JPG,F15,HA,train
BF15\BF15NEHL.JPG,F15,NE,train
BF15\BF15NEHR.JPG,F15,NE,train
BF15\BF15NES.JPG,F15,NE,train
BF15\BF15SAHL.JPG,F15,SA,train
BF15\BF15SAHR.JPG,F15,SA,train
BF15\BF15SAS.JPG,F15,SA,train
BF15\BF15SUHL.JPG,F15,SU,train
BF15\BF15SUHR.JPG,F15,SU,train
BF15\BF15SUS.JPG,F15,SU,train
BF16\BF16AFHL.JPG,F16,AF,train
BF16\BF16AFHR.JPG,F16,AF,train
BF16\BF16AFS.JPG,F16,AF,train
BF16\BF16ANHL.JPG,F16,AN,train
BF16\BF16ANHR.JPG,F16,AN,train
BF16\BF16ANS.JPG,F16,AN,train
BF16\BF16DIHL.JPG,F16,DI,train
BF16\BF16DIHR.JPG,F16,DI,train
BF16\BF16DIS.JPG,F16,DI,train
BF16\BF16HAHL.JPG,F16,HA,train
BF16\BF16HAHR.JPG,F16,HA,train
BF16\BF16HAS.JPG,F16,HA,train
BF16\BF16NEHL.JPG,F16,NE,train
BF16\BF16NEHR.JPG,F16,NE,train
BF16\BF16NES.JPG,F16,NE,train
BF16\BF16SAHL.JPG,F16,SA,train
BF16\BF16SAHR.JPG,F16,SA,train
BF16\BF16SAS.JPG,F16,SA,train
BF16\BF16SUHL.JPG,F16,SU,train
BF16\BF16SUHR.JPG,F16,SU,train
BF16\BF16SUS.JPG,F16,SU,train
BF17\BF17AFHL.JPG,F17,AF,train
BF17\BF17AFHR.JPG,F17,AF,train
BF17\BF17AFS.JPG,F17,AF,train
BF17\BF17ANHL.JPG,F17,AN,train
BF17\BF17ANHR.JPG,F17,AN,train
BF17\BF17ANS.JPG,F17,AN,train
BF17\BF17DIHL.JPG,F17,DI,train
BF17\BF17DIHR.JPG,F17,DI,train
BF17\BF17DIS.JPG,F17,DI,train
BF17\BF17HAHL.JPG,F17,HA,train
BF17\BF17HAHR.JPG,F17,HA,train
BF17\BF17HAS.JPG,F17,HA,train
BF17\BF17NEHL.JPG,F17,NE,train
BF17\BF17NEHR.JPG,F17,NE,train
BF17\BF17NES.JPG,F17,NE,train
BF17\BF17SAHL.JPG,F17,SA,train
BF17\BF17SAHR.JPG,F17,SA,train
BF17\BF17SAS.JPG,F17,SA,train
BF17\BF17SUHL.JPG,F17,SU,train
BF17\BF17SUHR.JPG,F17,SU,train
BF17\BF17SUS.JPG,F17,SU,train
BF18\BF18AFHL.JPG,F18,AF,train
BF18\BF18AFHR.JPG,F18,AF,train
BF18\BF18AFS.JPG,F18,AF,train
BF18\BF18ANHL.JPG,F18,AN,train
BF18\BF18ANHR.JPG,F18,AN,train
BF18\BF18ANS.JPG,F18,AN,train
BF18\BF18DIHL.JPG,F18,DI,train
BF18\BF18DIHR.JPG,F18,DI,train
BF18\BF18DIS.JPG,F18,DI,train
BF18\BF18HAHL.JPG,F18,HA,train
BF18\BF18HAHR.JPG,F18,HA,train
BF18\BF18HAS.JPG,F18,HA,train
BF18\BF18NEHL.JPG,F18,NE,train
BF18\BF18NEHR.JPG,F18,NE,train
BF18\BF18NES.JPG,F18,NE,train
BF18\BF18SAHL.JPG,F18,SA,train
BF18\BF18SAHR.JPG,F18,SA,train
BF18\BF18SAS.JPG,F18,SA,train
BF18\BF18SUHL.JPG,F18,SU,train
BF18\BF18SUHR.JPG,F18,SU,train
BF18\BF18SUS.JPG,F18,SU,train
BF19\BF19AFHL.JPG,F19,AF,train
BF19\BF19AFHR.JPG,F19,AF,train
BF19\BF19AFS.JPG,F19,AF,train
BF19\BF19ANHL.JPG,F19,AN,train
BF19\BF19ANHR.JPG,F19,AN,train
BF19\BF19ANS.JPG,F19,AN,train
BF19\BF19DIHL.JPG,F19,DI,train
BF19\BF19DIHR.JPG,F19,DI,train
BF19\BF19DIS.JPG,F19,DI,train
BF19\BF19HAHL.JPG,F19,HA,train
BF19\BF19HAHR.JPG,F19,HA,train
BF19\BF19HAS.JPG,F19,HA,train
BF19\BF19NEHL.JPG,F19,NE,train
BF19\BF19NEHR.JPG,F19,NE,train
BF19\BF19NES.JPG,F19,NE,train
BF19\BF19SAHL.JPG,F19,SA,train
BF19\BF19SAHR.JPG,F19,SA,train
BF19\BF19SAS.JPG,F19,SA,train
BF19\BF19SUHL.JPG,F19,SU,train
BF19\BF19SUHR.JPG,F19,SU,train
BF19\BF19SUS.JPG,F19,SU,train
BF20\BF20AFHL.JPG,F20,AF,train
BF20\BF20AFHR.JPG,F20,AF,train
BF20\BF20AFS.JPG,F20,AF,train
BF20\BF20ANHL.JPG,F20,AN,train
BF20\BF20ANHR.JPG,F20,AN,train
BF20\BF20ANS.JPG,F20,AN,train
BF20\BF20DIHL.JPG,F20,DI,train
BF20\BF20DIHR.JPG,F20,DI,train
BF20\BF20DIS.JPG,F20,DI,train
BF20\BF20HAHL.JPG,F20,HA,train
BF20\BF20HAHR.JPG,F20,HA,train
BF20\BF20HAS.JPG,F20,HA,train
BF20\BF20NEHL.JPG,F20,NE,train
BF20\BF20NEHR.JPG,F20,NE,train
BF20\BF20NES.JPG,F20,NE,train
BF20\BF20SAHL.JPG,F20,SA,train
BF20\BF20SAHR.JPG,F20,SA,train
BF20\BF20SAS.JPG,F20,SA,train
BF20\BF20SUHL.JPG,F20,SU,train
BF20\BF20SUHR.JPG,F20,SU,train
BF20\BF20SUS.JPG,F20,SU,train
BF21\BF21AFHL.JPG,F21,AF,train
BF21\BF21AFHR.JPG,F21,AF,train
BF21\BF21AFS.JPG,F21,AF,train
BF21\BF21ANHL.JPG,F21,AN,train
BF21\BF21ANHR.JPG,F21,AN,train
BF21\BF21ANS.JPG,F21,AN,train
BF21\BF21DIHL.JPG,F21,DI,train
BF21\BF21DIHR.JPG,F21,DI,train
BF21\BF21DIS.JPG,F21,DI,train
BF21\BF21HAHL.JPG,F21,HA,train
BF21\BF21HAHR.JPG,F21,HA,train
BF21\BF21HAS.JPG,F21,HA,train
BF21\BF21NEHL.JPG,F21,NE,train
BF21\BF21NEHR.JPG,F21,NE,train
BF21\BF21NES.JPG,F21,NE,train
BF21\BF21SAHL.JPG,F21,SA,train
BF21\BF21SAHR.JPG,F21,SA,train
BF21\BF21SAS.JPG,F21,SA,train
BF21\BF21SUHL.JPG,F21,SU,train
BF21\BF21SUHR.JPG,F21,SU,train
BF21\BF21SUS.JPG,F21,SU,train
BF22\BF22AFHL.JPG,F22,AF,train
BF22\BF22AFHR.JPG,F22,AF,train
BF22\BF22AFS.JPG,F22,AF,train
BF22\BF22ANHL.JPG,F22,AN,train
BF22\BF22ANHR.JPG,F22,AN,train
BF22\BF22ANS.JPG,F22,AN,train
BF22\BF22DIHL.JPG,F22,DI,train
BF22\BF22DIHR.JPG,F22,DI,train
BF22\BF22DIS.JPG,F22,DI,train
BF22\BF22HAHL.JPG,F22,HA,train
BF22\BF22HAHR.JPG,F22,HA,train
BF22\BF22HAS.JPG,F22,HA,train
BF22\BF22NEHL.JPG,F22,NE,train
BF22\BF22NEHR.JPG,F22,NE,train
BF22\BF22NES.JPG,F22,NE,train
BF22\BF22SAHL.JPG,F22,SA,train
BF22\BF22SAHR.JPG,F22,SA,train
BF22\BF22SAS.JPG,F22,SA,train
BF22\BF22SUHL.JPG,F22,SU,train
BF22\BF22SUHR.JPG,F22,SU,train
BF22\BF22SUS.JPG,F22,SU,train
BF23\BF23AFHL.JPG,F23,AF,val
BF23\BF23AFHR.JPG,F23,AF,val
BF23\BF23AFS.JPG,F23,AF,val
BF23\BF23ANHL.JPG,F23,AN,val
BF23\BF23ANHR.JPG,F23,AN,val
BF23\BF23ANS.JPG,F23,AN,val
BF23\BF23DIHL.JPG,F23,DI,val
BF23\BF23DIHR.JPG,F23,DI,val
BF23\BF23DIS.JPG,F23,DI,val
BF23\BF23HAHL.JPG,F23,HA,val
BF23\BF23HAHR.JPG,F23,HA,val
BF23\BF23HAS.JPG,F23,HA,val
BF23\BF23NEHL.JPG,F23,NE,val
BF23\BF23NEHR.JPG,F23,NE,val
BF23\BF23NES.JPG,F23,NE,val
BF23\BF23SAHL.JPG,F23,SA,val
BF23\BF23SAHR.JPG,F23,SA,val
BF23\BF23SAS.JPG,F23,SA,val
BF23\BF23SUHL.JPG,F23,SU,val
BF23\BF23SUHR.JPG,F23,SU,val
BF23\BF23SUS.JPG,F23,SU,val
BF24\BF24AFHL.JPG,F24,AF,train
BF24\BF24AFHR.JPG,F24,AF,train
BF24\BF24AFS.JPG,F24,AF,train
BF24\BF24ANHL.JPG,F24,AN,train
BF24\BF24ANHR.JPG,F24,AN,train
BF24\BF24ANS.JPG,F24,AN,train
BF24\BF24DIHL.JPG,F24,DI,train
BF24\BF24DIHR.JPG,F24,DI,train
BF24\BF24DIS.JPG,F24,DI,train
BF24\BF24HAHL.JPG,F24,HA,train
BF24\BF24HAHR.JPG,F24,HA,train
BF24\BF24HAS.JPG,F24,HA,train
BF24\BF24NEHL.JPG,F24,NE,train
BF24\BF24NEHR.JPG,F24,NE,train
BF24\BF24NES.JPG,F24,NE,train
BF24\BF24SAHL.JPG,F24,SA,train
BF24\BF24SAHR.JPG,F24,SA,train
BF24\BF24SAS.JPG,F24,SA,train
BF24\BF24SUHL.JPG,F24,SU,train
BF24\BF24SUHR.JPG,F24,SU,train
BF24\BF24SUS.JPG,F24,SU,train
BF25\BF25AFHL.JPG,F25,AF,train
BF25\BF25AFHR.JPG,F25,AF,train
BF25\BF25AFS.JPG,F25,AF,train
BF25\BF25ANHL.JPG,F25,AN,train
BF25\BF25ANHR.JPG,F25,AN,train
BF25\BF25ANS.JPG,F25,AN,train
BF25\BF25DIHL.JPG,F25,DI,train
BF25\BF25DIHR.JPG,F25,DI,train
BF25\BF25DIS.JPG,F25,DI,train
BF25\BF25HAHL.JPG,F25,HA,train
BF25\BF25HAHR.JPG,F25,HA,train
BF25\BF25HAS.JPG,F25,HA,train
BF25\BF25NEHL.JPG,F25,NE,train
BF25\BF25NEHR.JPG,F25,NE,train
BF25\BF25NES.JPG,F25,NE,train
BF25\BF25SAHL.JPG,F25,SA,train
BF25\BF25SAHR.JPG,F25,SA,train
BF25\BF25SAS.JPG,F25,SA,train
BF25\BF25SUHL.JPG,F25,SU,train
BF25\BF25SUHR.JPG,F25,SU,train
BF25\BF25SUS.JPG,F25,SU,train
BF26\BF26AFHL.JPG,F26,AF,test
BF26\BF26AFHR.JPG,F26,AF,test
BF26\BF26AFS.JPG,F26,AF,test
BF26\BF26ANHL.JPG,F26,AN,test
BF26\BF26ANHR.JPG,F26,AN,test
BF26\BF26ANS.JPG,F26,AN,test
BF26\BF26DIHL.JPG,F26,DI,test
BF26\BF26DIHR.JPG,F26,DI,test
BF26\BF26DIS.JPG,F26,DI,test
BF26\BF26HAHL.JPG,F26,HA,test
BF26\BF26HAHR.JPG,F26,HA,test
BF26\BF26HAS.JPG,F26,HA,test
BF26\BF26NEHL.JPG,F26,NE,test
BF26\BF26NEHR.JPG,F26,NE,test
BF26\BF26NES.JPG,F26,NE,test
BF26\BF26SAHL.JPG,F26,SA,test
BF26\BF26SAHR.JPG,F26,SA,test
BF26\BF26SAS.JPG,F26,SA,test
BF26\BF26SUHL.JPG,F26,SU,test
BF26\BF26SUHR.JPG,F26,SU,test
BF26\BF26SUS.JPG,F26,SU,test
BF27\BF27AFHL.JPG,F27,AF,train
BF27\BF27AFHR.JPG,F27,AF,train
BF27\BF27AFS.JPG,F27,AF,train
BF27\BF27ANHL.JPG,F27,AN,train
BF27\BF27ANHR.JPG,F27,AN,train
BF27\BF27ANS.JPG,F27,AN,train
BF27\BF27DIHL.JPG,F27,DI,train
BF27\BF27DIHR.JPG,F27,DI,train
BF27\BF27DIS.JPG,F27,DI,train
BF27\BF27HAHL.JPG,F27,HA,train
BF27\BF27HAHR.JPG,F27,HA,train
BF27\BF27HAS.JPG,F27,HA,train
BF27\BF27NEHL.JPG,F27,NE,train
BF27\BF27NEHR.JPG,F27,NE,train
BF27\BF27NES.JPG,F27,NE,train
BF27\BF27SAHL.JPG,F27,SA,train
BF27\BF27SAHR.JPG,F27,SA,train
BF27\BF27SAS.JPG,F27,SA,train
BF27\BF27SUHL.JPG,F27,SU,train
BF27\BF27SUHR.JPG,F27,SU,train
BF27\BF27SUS.JPG,F27,SU,train
BF28\BF28AFHL.JPG,F28,AF,val
BF28\BF28AFHR.JPG,F28,AF,val
BF28\BF28AFS.JPG,F28,AF,val
BF28\BF28ANHL.JPG,F28,AN,val
BF28\BF28ANHR.JPG,F28,AN,val
BF28\BF28ANS.JPG,F28,AN,val
BF28\BF28DIHL.JPG,F28,DI,val
BF28\BF28DIHR.JPG,F28,DI,val
BF28\BF28DIS.JPG,F28,DI,val
BF28\BF28HAHL.JPG,F28,HA,val
BF28\BF28HAHR.JPG,F28,HA,val
BF28\BF28HAS.JPG,F28,HA,val
BF28\BF28NEHL.JPG,F28,NE,val
BF28\BF28NEHR.JPG,F28,NE,val
BF28\BF28NES.JPG,F28,NE,val
BF28\BF28SAHL.JPG,F28,SA,val
BF28\BF28SAHR.JPG,F28,SA,val
BF28\BF28SAS.JPG,F28,SA,val
BF28\BF28SUHL.JPG,F28,SU,val
BF28\BF28SUHR.JPG,F28,SU,val
BF28\BF28SUS.JPG,F28,SU,val
BF29\BF29AFHL.JPG,F29,AF,train
BF29\BF29AFHR.JPG,F29,AF,train
BF29\BF29AFS.JPG,F29,AF,train
BF29\BF29ANHL.JPG,F29,AN,train
BF29\BF29ANHR.JPG,F29,AN,train
BF29\BF29ANS.JPG,F29,AN,train
BF29\BF29DIHL.JPG,F29,DI,train
BF29\BF29DIHR.JPG,F29,DI,train
BF29\BF29DIS.JPG,F29,DI,train
BF29\BF29HAHL.JPG,F29,HA,train
BF29\BF29HAHR.JPG,F29,HA,train
BF29\BF29HAS.JPG,F29,HA,train
BF29\BF29NEHL.JPG,F29,NE,train
BF29\BF29NEHR.JPG,F29,NE,train
BF29\BF29NES.JPG,F29,NE,train
BF29\BF29SAHL.JPG,F29,SA,train
BF29\BF29SAHR.JPG,F29,SA,train
BF29\BF29SAS.JPG,F29,SA,train
BF29\BF29SUHL.JPG,F29,SU,train
BF29\BF29SUHR.JPG,F29,SU,train
BF29\BF29SUS.JPG,F29,SU,train
BF30\BF30AFHL.JPG,F30,AF,train
BF30\BF30AFHR.JPG,F30,AF,train
BF30\BF30AFS.JPG,F30,AF,train
BF30\BF30ANHL.JPG,F30,AN,train
BF30\BF30ANHR.JPG,F30,AN,train
BF30\BF30ANS.JPG,F30,AN,train
BF30\BF30DIHL.JPG,F30,DI,train
BF30\BF30DIHR.JPG,F30,DI,train
BF30\BF30DIS.JPG,F30,DI,train
BF30\BF30HAHL.JPG,F30,HA,train
BF30\BF30HAHR.JPG,F30,HA,train
BF30\BF30HAS.JPG,F30,HA,train
BF30\BF30NEHL.JPG,F30,NE,train
BF30\BF30NEHR.JPG,F30,NE,train
BF30\BF30NES.JPG,F30,NE,train
BF30\BF30SAHL.JPG,F30,SA,train
BF30\BF30SAHR.JPG,F30,SA,train
BF30\BF30SAS.JPG,F30,SA,train
BF30\BF30SUHL.JPG,F30,SU,train
BF30\BF30SUHR.JPG,F30,SU,train
BF30\BF30SUS.JPG,F30,SU,train
BF31\BF31AFHL.JPG,F31,AF,val
BF31\BF31AFHR.JPG,F31,AF,val
BF31\BF31AFS.JPG,F31,AF,val
BF31\BF31ANHL.JPG,F31,AN,val
BF31\BF31ANHR.JPG,F31,AN,val
BF31\BF31ANS.JPG,F31,AN,val
BF31\BF31DIHL.JPG,F31,DI,val
BF31\BF31DIHR.JPG,F31,DI,val
BF31\BF31DIS.JPG,F31,DI,val
BF31\BF31HAHL.JPG,F31,HA,val
BF31\BF31HAHR.JPG,F31,HA,val
BF31\BF31HAS.JPG,F31,HA,val
BF31\BF31NEHL.JPG,F31,NE,val
BF31\BF31NEHR.JPG,F31,NE,val
BF31\BF31NES.JPG,F31,NE,val
BF31\BF31SAHL.JPG,F31,SA,val
BF31\BF31SAHR.JPG,F31,SA,val
BF31\BF31SAS.JPG,F31,SA,val
BF31\BF31SUHL.JPG,F31,SU,val
BF31\BF31SUHR.JPG,F31,SU,val
BF31\BF31SUS.JPG,F31,SU,val
BF32\BF32AFHL.JPG,F32,AF,train
BF32\BF32AFHR.JPG,F32,AF,train
BF32\BF32AFS.JPG,F32,AF,train
BF32\BF32ANHL.JPG,F32,AN,train
BF32\BF32ANHR.JPG,F32,AN,train
BF32\BF32ANS.JPG,F32,AN,train
BF32\BF32DIHL.JPG,F32,DI,train
BF32\BF32DIHR.JPG,F32,DI,train
BF32\BF32DIS.JPG,F32,DI,train
BF32\BF32HAHL.JPG,F32,HA,train
BF32\BF32HAHR.JPG,F32,HA,train
BF32\BF32HAS.JPG,F32,HA,train
BF32\BF32NEHL.JPG,F32,NE,train
BF32\BF32NEHR.JPG,F32,NE,train
BF32\BF32NES.JPG,F32,NE,train
BF32\BF32SAHL.JPG,F32,SA,train
BF32\BF32SAHR.JPG,F32,SA,train
BF32\BF32SAS.JPG,F32,SA,train
BF32\BF32SUHL.JPG,F32,SU,train
BF32\BF32SUHR.JPG,F32,SU,train
BF32\BF32SUS.JPG,F32,SU,train
BF33\BF33AFHL.JPG,F33,AF,train
BF33\BF33AFHR.JPG,F33,AF,train
BF33\BF33AFS.JPG,F33,AF,train
BF33\BF33ANHL.JPG,F33,AN,train
BF33\BF33ANHR.JPG,F33,AN,train
BF33\BF33ANS.JPG,F33,AN,train
BF33\BF33DIHL.JPG,F33,DI,train
BF33\BF33DIHR.JPG,F33,DI,train
BF33\BF33DIS.JPG,F33,DI,train
BF33\BF33HAHL.JPG,F33,HA,train
BF33\BF33HAHR.JPG,F33,HA,train
BF33\BF33HAS.JPG,F33,HA,train
BF33\BF33NEHL.JPG,F33,NE,train
BF33\BF33NEHR.JPG,F33,NE,train
BF33\BF33NES.JPG,F33,NE,train
BF33\BF33SAHL.JPG,F33,SA,train
BF33\BF33SAHR.JPG,F33,SA,train
BF33\BF33SAS.JPG,F33,SA,train
BF33\BF33SUHL.JPG,F33,SU,train
BF33\BF33SUHR.JPG,F33,SU,train
BF33\BF33SUS.JPG,F33,SU,train
BF34\BF34AFHL.JPG,F34,AF,train
BF34\BF34AFHR.JPG,F34,AF,train
BF34\BF34AFS.JPG,F34,AF,train
BF34\BF34ANHL.JPG,F34,AN,train
BF34\BF34ANHR.JPG,F34,AN,train
BF34\BF34ANS.JPG,F34,AN,train
BF34\BF34DIHL.JPG,F34,DI,train
BF34\BF34DIHR.JPG,F34,DI,train
BF34\BF34DIS.JPG,F34,DI,train
BF34\BF34HAHL.JPG,F34,HA,train
BF34\BF34HAHR.JPG,F34,HA,train
BF34\BF34HAS.JPG,F34,HA,train
BF34\BF34NEHL.JPG,F34,NE,train
BF34\BF34NEHR.JPG,F34,NE,train
BF34\BF34NES.JPG,F34,NE,train
BF34\BF34SAHL.JPG,F34,SA,train
BF34\BF34SAHR.JPG,F34,SA,train
BF34\BF34SAS.JPG,F34,SA,train
BF34\BF34SUHL.JPG,F34,SU,train
BF34\BF34SUHR.JPG,F34,SU,train
BF34\BF34SUS.JPG,F34,SU,train
BF35\BF35AFHL.JPG,F35,AF,train
BF35\BF35AFHR.JPG,F35,AF,train
BF35\BF35AFS.JPG,F35,AF,train
BF35\BF35ANHL.JPG,F35,AN,train
BF35\BF35ANHR.JPG,F35,AN,train
BF35\BF35ANS.JPG,F35,AN,train
BF35\BF35DIHL.JPG,F35,DI,train
BF35\BF35DIHR.JPG,F35,DI,train
BF35\BF35DIS.JPG,F35,DI,train
BF35\BF35HAHL.JPG,F35,HA,train
BF35\BF35HAHR.JPG,F35,HA,train
BF35\BF35HAS.JPG,F35,HA,train
BF35\BF35NEHL.JPG,F35,NE,train
BF35\BF35NEHR.JPG,F35,NE,train
BF35\BF35NES.JPG,F35,NE,train
BF35\BF35SAHL.JPG,F35,SA,train
BF35\BF35SAHR.JPG,F35,SA,train
BF35\BF35SAS.JPG,F35,SA,train
BF35\BF35SUHL.JPG,F35,SU,train
BF35\BF35SUHR.JPG,F35,SU,train
BF35\BF35SUS.JPG,F35,SU,train
BM01\BM01AFHL.JPG,M01,AF,train
BM01\BM01AFHR.JPG,M01,AF,train
BM01\BM01AFS.JPG,M01,AF,train
BM01\BM01ANHL.JPG,M01,AN,train
BM01\BM01ANHR.JPG,M01,AN,train
BM01\BM01ANS.JPG,M01,AN,train
BM01\BM01DIHL.JPG,M01,DI,train
BM01\BM01DIHR.JPG,M01,DI,train
BM01\BM01DIS.JPG,M01,DI,train
BM01\BM01HAHL.JPG,M01,HA,train
BM01\BM01HAHR.JPG,M01,HA,train
BM01\BM01HAS.JPG,M01,HA,train
BM01\BM01NEHL.JPG,M01,NE,train
BM01\BM01NEHR.JPG,M01,NE,train
BM01\BM01NES.JPG,M01,NE,train
BM01\BM01SAHL.JPG,M01,SA,train
BM01\BM01SAHR.JPG,M01,SA,train
BM01\BM01SAS.JPG,M01,SA,train
BM01\BM01SUHL.JPG,M01,SU,train
BM01\BM01SUHR.JPG,M01,SU,train
BM01\BM01SUS.JPG,M01,SU,train
BM02\BM02AFHL.JPG,M02,AF,train
BM02\BM02AFHR.JPG,M02,AF,train
BM02\BM02AFS.JPG,M02,AF,train
BM02\BM02ANHL.JPG,M02,AN,train
BM02\BM02ANHR.JPG,M02,AN,train
BM02\BM02ANS.JPG,M02,AN,train
BM02\BM02DIHL.JPG,M02,DI,train
BM02\BM02DIHR.JPG,M02,DI,train
BM02\BM02DIS.JPG,M02,DI,train
BM02\BM02HAHL.JPG,M02,HA,train
BM02\BM02HAHR.JPG,M02,HA,train
BM02\BM02HAS.JPG,M02,HA,train
BM02\BM02NEHL.JPG,M02,NE,train
BM02\BM02NEHR.JPG,M02,NE,train
BM02\BM02NES.JPG,M02,NE,train
BM02\BM02SAHL.JPG,M02,SA,train
BM02\BM02SAHR.JPG,M02,SA,train
BM02\BM02SAS.JPG,M02,SA,train
BM02\BM02SUHL.JPG,M02,SU,train
BM02\BM02SUHR.JPG,M02,SU,train
BM02\BM02SUS.JPG,M02,SU,train
BM03\BM03AFHL.JPG,M03,AF,train
BM03\BM03AFHR.JPG,M03,AF,train
BM03\BM03AFS.JPG,M03,AF,train
BM03\BM03ANHL.JPG,M03,AN,train
BM03\BM03ANHR.JPG,M03,AN,train
BM03\BM03ANS.JPG,M03,AN,train
BM03\BM03DIHL.JPG,M03,DI,train
BM03\BM03DIHR.JPG,M03,DI,train
BM03\BM03DIS.JPG,M03,DI,train
BM03\BM03HAHL.JPG,M03,HA,train
BM03\BM03HAHR.JPG,M03,HA,train
BM03\BM03HAS.JPG,M03,HA,train
BM03\BM03NEHL.JPG,M03,NE,train
BM03\BM03NEHR.JPG,M03,NE,train
BM03\BM03NES.JPG,M03,NE,train
BM03\BM03SAHL.JPG,M03,SA,train
BM03\BM03SAHR.JPG,M03,SA,train
BM03\BM03SAS.JPG,M03,SA,train
BM03\BM03SUHL.JPG,M03,SU,train
BM03\BM03SUHR.JPG,M03,SU,train
BM03\BM03SUS.JPG,M03,SU,train
BM04\BM04AFHL.JPG,M04,AF,train
BM04\BM04AFHR.JPG,M04,AF,train
BM04\BM04AFS.JPG,M04,AF,train
BM04\BM04ANHL.JPG,M04,AN,train
BM04\BM04ANHR.JPG,M04,AN,train
BM04\BM04ANS.JPG,M04,AN,train
BM04\BM04DIHL.JPG,M04,DI,train
BM04\BM04DIHR.JPG,M04,DI,train
BM04\BM04DIS.JPG,M04,DI,train
BM04\BM04HAHL.JPG,M04,HA,train
BM04\BM04HAHR.JPG,M04,HA,train
BM04\BM04HAS.JPG,M04,HA,train
BM04\BM04NEHL.JPG,M04,NE,train
BM04\BM04NEHR.JPG,M04,NE,train
BM04\BM04NES.JPG,M04,NE,train
BM04\BM04SAHL.JPG,M04,SA,train
BM04\BM04SAHR.JPG,M04,SA,train
BM04\BM04SAS.JPG,M04,SA,train
BM04\BM04SUHL.JPG,M04,SU,train
BM04\BM04SUHR.JPG,M04,SU,train
BM04\BM04SUS.JPG,M04,SU,train
BM05\BM05AFHL.JPG,M05,AF,train
BM05\BM05AFHR.JPG,M05,AF,train
BM05\BM05AFS.JPG,M05,AF,train
BM05\BM05ANHL.JPG,M05,AN,train
BM05\BM05ANHR.JPG,M05,AN,train
BM05\BM05ANS.JPG,M05,AN,train
BM05\BM05DIHL.JPG,M05,DI,train
BM05\BM05DIHR.JPG,M05,DI,train
BM05\BM05DIS.JPG,M05,DI,train
BM05\BM05HAHL.JPG,M05,HA,train
BM05\BM05HAHR.JPG,M05,HA,train
BM05\BM05HAS.JPG,M05,HA,train
BM05\BM05NEHL.JPG,M05,NE,train
BM05\BM05NEHR.JPG,M05,NE,train
BM05\BM05NES.JPG,M05,NE,train
BM05\BM05SAHL.JPG,M05,SA,train
BM05\BM05SAHR.JPG,M05,SA,train
BM05\BM05SAS.JPG,M05,SA,train
BM05\BM05SUHL.JPG,M05,SU,train
BM05\BM05SUHR.JPG,M05,SU,train
BM05\BM05SUS.JPG,M05,SU,train
BM06\BM06AFHL.JPG,M06,AF,val
BM06\BM06AFHR.JPG,M06,AF,val
BM06\BM06AFS.JPG,M06,AF,val
BM06\BM06ANHL.JPG,M06,AN,val
BM06\BM06ANHR.JPG,M06,AN,val
BM06\BM06ANS.JPG,M06,AN,val
BM06\BM06DIHL.JPG,M06,DI,val
BM06\BM06DIHR.JPG,M06,DI,val
BM06\BM06DIS.JPG,M06,DI,val
BM06\BM06HAHL.JPG,M06,HA,val
BM06\BM06HAHR.JPG,M06,HA,val
BM06\BM06HAS.JPG,M06,HA,val
BM06\BM06NEHL.JPG,M06,NE,val
BM06\BM06NEHR.JPG,M06,NE,val
BM06\BM06NES.JPG,M06,NE,val
BM06\BM06SAHL.JPG,M06,SA,val
BM06\BM06SAHR.JPG,M06,SA,val
BM06\BM06SAS.JPG,M06,SA,val
BM06\BM06SUHL.JPG,M06,SU,val
BM06\BM06SUHR.JPG,M06,SU,val
BM06\BM06SUS.JPG,M06,SU,val
BM07\BM07AFHL.JPG,M07,AF,train
BM07\BM07AFHR.JPG,M07,AF,train
BM07\BM07AFS.JPG,M07,AF,train
BM07\BM07ANHL.JPG,M07,AN,train
BM07\BM07ANHR.JPG,M07,AN,train
BM07\BM07ANS.JPG,M07,AN,train
BM07\BM07DIHL.JPG,M07,DI,train
BM07\BM07DIHR.JPG,M07,DI,train
BM07\BM07DIS.JPG,M07,DI,train
BM07\BM07HAHL.JPG,M07,HA,train
BM07\BM07HAHR.JPG,M07,HA,train
BM07\BM07HAS.JPG,M07,HA,train
BM07\BM07NEHL.JPG,M07,NE,train
BM07\BM07NEHR.JPG,M07,NE,train
BM07\BM07NES.JPG,M07,NE,train
BM07\BM07SAHL.JPG,M07,SA,train
BM07\BM07SAHR.JPG,M07,SA,train
BM07\BM07SAS.JPG,M07,SA,train
BM07\BM07SUHL.JPG,M07,SU,train
BM07\BM07SUHR.JPG,M07,SU,train
BM07\BM07SUS.JPG,M07,SU,train
BM08\BM08AFHL.JPG,M08,AF,train
BM08\BM08AFHR.JPG,M08,AF,train
BM08\BM08AFS.JPG,M08,AF,train
BM08\BM08ANHL.JPG,M08,AN,train
BM08\BM08ANHR.JPG,M08,AN,train
BM08\BM08ANS.JPG,M08,AN,train
BM08\BM08DIHL.JPG,M08,DI,train
BM08\BM08DIHR.JPG,M08,DI,train
BM08\BM08DIS.JPG,M08,DI,train
BM08\BM08HAHL.JPG,M08,HA,train
BM08\BM08HAHR.JPG,M08,HA,train
BM08\BM08HAS.JPG,M08,HA,train
BM08\BM08NEHL.JPG,M08,NE,train
BM08\BM08NEHR.JPG,M08,NE,train
BM08\BM08NES.JPG,M08,NE,train
BM08\BM08SAHL.JPG,M08,SA,train
BM08\BM08SAHR.JPG,M08,SA,train
BM08\BM08SAS.JPG,M08,SA,train
BM08\BM08SUHL.JPG,M08,SU,train
BM08\BM08SUHR.JPG,M08,SU,train
BM08\BM08SUS.JPG,M08,SU,train
BM09\BM09AFHL.JPG,M09,AF,train
BM09\BM09AFHR.JPG,M09,AF,train
BM09\BM09AFS.JPG,M09,AF,train
BM09\BM09ANHL.JPG,M09,AN,train
BM09\BM09ANHR.JPG,M09,AN,train
BM09\BM09ANS.JPG,M09,AN,train
BM09\BM09DIHL.JPG,M09,DI,train
BM09\BM09DIHR.JPG,M09,DI,train
BM09\BM09DIS.JPG,M09,DI,train
BM09\BM09HAHL.JPG,M09,HA,train
BM09\BM09HAHR.JPG,M09,HA,train
BM09\BM09HAS.JPG,M09,HA,train
BM09\BM09NEHL.JPG,M09,NE,train
BM09\BM09NEHR.JPG,M09,NE,train
BM09\BM09NES.JPG,M09,NE,train
BM09\BM09SAHL.JPG,M09,SA,train
BM09\BM09SAHR.JPG,M09,SA,train
BM09\BM09SAS.JPG,M09,SA,train
BM09\BM09SUHL.JPG,M09,SU,train
BM09\BM09SUHR.JPG,M09,SU,train
BM09\BM09SUS.JPG,M09,SU,train
BM10\BM10AFHL.JPG,M10,AF,train
BM10\BM10AFHR.JPG,M10,AF,train
BM10\BM10AFS.JPG,M10,AF,train
BM10\BM10ANHL.JPG,M10,AN,train
BM10\BM10ANHR.JPG,M10,AN,train
BM10\BM10ANS.JPG,M10,AN,train
BM10\BM10DIHL.JPG,M10,DI,train
BM10\BM10DIHR.JPG,M10,DI,train
BM10\BM10DIS.JPG,M10,DI,train
BM10\BM10HAHL.JPG,M10,HA,train
BM10\BM10HAHR.JPG,M10,HA,train
BM10\BM10HAS.JPG,M10,HA,train
BM10\BM10NEHL.JPG,M10,NE,train
BM10\BM10NEHR.JPG,M10,NE,train
BM10\BM10NES.JPG,M10,NE,train
BM10\BM10SAHL.JPG,M10,SA,train
BM10\BM10SAHR.JPG,M10,SA,train
BM10\BM10SAS.JPG,M10,SA,train
BM10\BM10SUHL.JPG,M10,SU,train
BM10\BM10SUHR.JPG,M10,SU,train
BM10\BM10SUS.JPG,M10,SU,train
BM11\BM11AFHL.JPG,M11,AF,train
BM11\BM11AFHR.JPG,M11,AF,train
BM11\BM11AFS.JPG,M11,AF,train
BM11\BM11ANHL.JPG,M11,AN,train
BM11\BM11ANHR.JPG,M11,AN,train
BM11\BM11ANS.JPG,M11,AN,train
BM11\BM11DIHL.JPG,M11,DI,train
BM11\BM11DIHR.JPG,M11,DI,train
BM11\BM11DIS.JPG,M11,DI,train
BM11\BM11HAHL.JPG,M11,HA,train
BM11\BM11HAHR.JPG,M11,HA,train
BM11\BM11HAS.JPG,M11,HA,train
BM11\BM11NEHL.JPG,M11,NE,train
BM11\BM11NEHR.JPG,M11,NE,train
BM11\BM11NES.JPG,M11,NE,train
BM11\BM11SAHL.JPG,M11,SA,train
BM11\BM11SAHR.JPG,M11,SA,train
BM11\BM11SAS.JPG,M11,SA,train
BM11\BM11SUHL.JPG,M11,SU,train
BM11\BM11SUHR.JPG,M11,SU,train
BM11\BM11SUS.JPG,M11,SU,train
BM12\BM12AFHL.JPG,M12,AF,train
BM12\BM12AFHR.JPG,M12,AF,train
BM12\BM12AFS.JPG,M12,AF,train
BM12\BM12ANHL.JPG,M12,AN,train
BM12\BM12ANHR.JPG,M12,AN,train
BM12\BM12ANS.JPG,M12,AN,train
BM12\BM12DIHL.JPG,M12,DI,train
BM12\BM12DIHR.JPG,M12,DI,train
BM12\BM12DIS.JPG,M12,DI,train
BM12\BM12HAHL.JPG,M12,HA,train
BM12\BM12HAHR.JPG,M12,HA,train
BM12\BM12HAS.JPG,M12,HA,train
BM12\BM12NEHL.JPG,M12,NE,train
BM12\BM12NEHR.JPG,M12,NE,train
BM12\BM12NES.JPG,M12,NE,train
BM12\BM12SAHL.JPG,M12,SA,train
BM12\BM12SAHR.JPG,M12,SA,train
BM12\BM12SAS.JPG,M12,SA,train
BM12\BM12SUHL.JPG,M12,SU,train
BM12\BM12SUHR.JPG,M12,SU,train
BM12\BM12SUS.JPG,M12,SU,train
BM13\BM13AFHL.JPG,M13,AF,train
BM13\BM13AFHR.JPG,M13,AF,train
BM13\BM13AFS.JPG,M13,AF,train
BM13\BM13ANHL.JPG,M13,AN,train
BM13\BM13ANHR.JPG,M13,AN,train
BM13\BM13ANS.JPG,M13,AN,train
BM13\BM13DIHL.JPG,M13,DI,train
BM13\BM13DIHR.JPG,M13,DI,train
BM13\BM13DIS.JPG,M13,DI,train
BM13\BM13HAHL.JPG,M13,HA,train
BM13\BM13HAHR.JPG,M13,HA,train
BM13\BM13HAS.JPG,M13,HA,train
BM13\BM13NEHL.JPG,M13,NE,train
BM13\BM13NEHR.JPG,M13,NE,train
BM13\BM13NES.JPG,M13,NE,train
BM13\BM13SAHL.JPG,M13,SA,train
BM13\BM13SAHR.JPG,M13,SA,train
BM13\BM13SAS.JPG,M13,SA,train
BM13\BM13SUHL.JPG,M13,SU,train
BM13\BM13SUHR.JPG,M13,SU,train
BM13\BM13SUS.JPG,M13,SU,train
BM14\BM14AFHL.JPG,M14,AF,train
BM14\BM14AFHR.JPG,M14,AF,train
BM14\BM14AFS.JPG,M14,AF,train
BM14\BM14ANHL.JPG,M14,AN,train
BM14\BM14ANHR.JPG,M14,AN,train
BM14\BM14ANS.JPG,M14,AN,train
BM14\BM14DIHL.JPG,M14,DI,train
BM14\BM14DIHR.JPG,M14,DI,train
BM14\BM14DIS.JPG,M14,DI,train
BM14\BM14HAHL.JPG,M14,HA,train
BM14\BM14HAHR.JPG,M14,HA,train
BM14\BM14HAS.JPG,M14,HA,train
BM14\BM14NEHL.JPG,M14,NE,train
BM14\BM14NEHR.JPG,M14,NE,train
BM14\BM14NES.JPG,M14,NE,train
BM14\BM14SAHL.JPG,M14,SA,train
BM14\BM14SAHR.JPG,M14,SA,train
BM14\BM14SAS.JPG,M14,SA,train
BM14\BM14SUHL.JPG,M14,SU,train
BM14\BM14SUHR.JPG,M14,SU,train
BM14\BM14SUS.JPG,M14,SU,train
BM15\BM15AFHL.JPG,M15,AF,train
BM15\BM15AFHR.JPG,M15,AF,train
BM15\BM15AFS.JPG,M15,AF,train
BM15\BM15ANHL.JPG,M15,AN,train
BM15\BM15ANHR.JPG,M15,AN,train
BM15\BM15ANS.JPG,M15,AN,train
BM15\BM15DIHL.JPG,M15,DI,train
BM15\BM15DIHR.JPG,M15,DI,train
BM15\BM15DIS.JPG,M15,DI,train
BM15\BM15HAHL.JPG,M15,HA,train
BM15\BM15HAHR.JPG,M15,HA,train
BM15\BM15HAS.JPG,M15,HA,train
BM15\BM15NEHL.JPG,M15,NE,train
BM15\BM15NEHR.JPG,M15,NE,train
BM15\BM15NES.JPG,M15,NE,train
BM15\BM15SAHL.JPG,M15,SA,train
BM15\BM15SAHR.JPG,M15,SA,train
BM15\BM15SAS.JPG,M15,SA,train
BM15\BM15SUHL.JPG,M15,SU,train
BM15\BM15SUHR.JPG,M15,SU,train
BM15\BM15SUS.JPG,M15,SU,train
BM16\BM16AFHL.JPG,M16,AF,val
BM16\BM16AFHR.JPG,M16,AF,val
BM16\BM16AFS.JPG,M16,AF,val
BM16\BM16ANHL.JPG,M16,AN,val
BM16\BM16ANHR.JPG,M16,AN,val
BM16\BM16ANS.JPG,M16,AN,val
BM16\BM16DIHL.JPG,M16,DI,val
BM16\BM16DIHR.JPG,M16,DI,val
BM16\BM16DIS.JPG,M16,DI,val
BM16\BM16HAHL.JPG,M16,HA,val
BM16\BM16HAHR.JPG,M16,HA,val
BM16\BM16HAS.JPG,M16,HA,val
BM16\BM16NEHL.JPG,M16,NE,val
BM16\BM16NEHR.JPG,M16,NE,val
BM16\BM16NES.JPG,M16,NE,val
BM16\BM16SAHL.JPG,M16,SA,val
BM16\BM16SAHR.JPG,M16,SA,val
BM16\BM16SAS.JPG,M16,SA,val
BM16\BM16SUHL.JPG,M16,SU,val
BM16\BM16SUHR.JPG,M16,SU,val
BM16\BM16SUS.JPG,M16,SU,val
BM17\BM17AFHL.JPG,M17,AF,train
BM17\BM17AFHR.JPG,M17,AF,train
BM17\BM17AFS.JPG,M17,AF,train
BM17\BM17ANHL.JPG,M17,AN,train
BM17\BM17ANHR.JPG,M17,AN,train
BM17\BM17ANS.JPG,M17,AN,train
BM17\BM17DIHL.JPG,M17,DI,train
BM17\BM17DIHR.JPG,M17,DI,train
BM17\BM17DIS.JPG,M17,DI,train
BM17\BM17HAHL.JPG,M17,HA,train
BM17\BM17HAHR.JPG,M17,HA,train
BM17\BM17HAS.JPG,M17,HA,train
BM17\BM17NEHL.JPG,M17,NE,train
BM17\BM17NEHR.JPG,M17,NE,train
BM17\BM17NES.JPG,M17,NE,train
BM17\BM17SAHL.JPG,M17,SA,train
BM17\BM17SAHR.JPG,M17,SA,train
BM17\BM17SAS.JPG,M17,SA,train
BM17\BM17SUHL.JPG,M17,SU,train
BM17\BM17SUHR.JPG,M17,SU,train
BM17\BM17SUS.JPG,M17,SU,train
BM18\BM18AFHL.JPG,M18,AF,val
BM18\BM18AFHR.JPG,M18,AF,val
BM18\BM18AFS.JPG,M18,AF,val
BM18\BM18ANHL.JPG,M18,AN,val
BM18\BM18ANHR.JPG,M18,AN,val
BM18\BM18ANS.JPG,M18,AN,val
BM18\BM18DIHL.JPG,M18,DI,val
BM18\BM18DIHR.JPG,M18,DI,val
BM18\BM18DIS.JPG,M18,DI,val
BM18\BM18HAHL.JPG,M18,HA,val
BM18\BM18HAHR.JPG,M18,HA,val
BM18\BM18HAS.JPG,M18,HA,val
BM18\BM18NEHL.JPG,M18,NE,val
BM18\BM18NEHR.JPG,M18,NE,val
BM18\BM18NES.JPG,M18,NE,val
BM18\BM18SAHL.JPG,M18,SA,val
BM18\BM18SAHR.JPG,M18,SA,val
BM18\BM18SAS.JPG,M18,SA,val
BM18\BM18SUHL.JPG,M18,SU,val
BM18\BM18SUHR.JPG,M18,SU,val
BM18\BM18SUS.JPG,M18,SU,val
BM19\BM19AFHL.JPG,M19,AF,train
BM19\BM19AFHR.JPG,M19,AF,train
BM19\BM19AFS.JPG,M19,AF,train
BM19\BM19ANHL.JPG,M19,AN,train
BM19\BM19ANHR.JPG,M19,AN,train
BM19\BM19ANS.JPG,M19,AN,train
BM19\BM19DIHL.JPG,M19,DI,train
BM19\BM19DIHR.JPG,M19,DI,train
BM19\BM19DIS.JPG,M19,DI,train
BM19\BM19HAHL.JPG,M19,HA,train
BM19\BM19HAHR.JPG,M19,HA,train
BM19\BM19HAS.JPG,M19,HA,train
BM19\BM19NEHL.JPG,M19,NE,train
BM19\BM19NEHR.JPG,M19,NE,train
BM19\BM19NES.JPG,M19,NE,train
BM19\BM19SAHL.JPG,M19,SA,train
BM19\BM19SAHR.JPG,M19,SA,train
BM19\BM19SAS.JPG,M19,SA,train
BM19\BM19SUHL.JPG,M19,SU,train
BM19\BM19SUHR.JPG,M19,SU,train
BM19\BM19SUS.JPG,M19,SU,train
BM20\BM20AFHL.JPG,M20,AF,test
BM20\BM20AFHR.JPG,M20,AF,test
BM20\BM20AFS.JPG,M20,AF,test
BM20\BM20ANHL.JPG,M20,AN,test
BM20\BM20ANHR.JPG,M20,AN,test
BM20\BM20ANS.JPG,M20,AN,test
BM20\BM20DIHL.JPG,M20,DI,test
BM20\BM20DIHR.JPG,M20,DI,test
BM20\BM20DIS.JPG,M20,DI,test
BM20\BM20HAHL.JPG,M20,HA,test
BM20\BM20HAHR.JPG,M20,HA,test
BM20\BM20HAS.JPG,M20,HA,test
BM20\BM20NEHL.JPG,M20,NE,test
BM20\BM20NEHR.JPG,M20,NE,test
BM20\BM20NES.JPG,M20,NE,test
BM20\BM20SAHL.JPG,M20,SA,test
BM20\BM20SAHR.JPG,M20,SA,test
BM20\BM20SAS.JPG,M20,SA,test
BM20\BM20SUHL.JPG,M20,SU,test
BM20\BM20SUHR.JPG,M20,SU,test
BM20\BM20SUS.JPG,M20,SU,test
BM21\BM21AFHL.JPG,M21,AF,train
BM21\BM21AFHR.JPG,M21,AF,train
BM21\BM21AFS.JPG,M21,AF,train
BM21\BM21ANHL.JPG,M21,AN,train
BM21\BM21ANHR.JPG,M21,AN,train
BM21\BM21ANS.JPG,M21,AN,train
BM21\BM21DIHL.JPG,M21,DI,train
BM21\BM21DIHR.JPG,M21,DI,train
BM21\BM21DIS.JPG,M21,DI,train
BM21\BM21HAHL.JPG,M21,HA,train
BM21\BM21HAHR.JPG,M21,HA,train
BM21\BM21HAS.JPG,M21,HA,train
BM21\BM21NEHL.JPG,M21,NE,train
BM21\BM21NEHR.JPG,M21,NE,train
BM21\BM21NES.JPG,M21,NE,train
BM21\BM21SAHL.JPG,M21,SA,train
BM21\BM21SAHR.JPG,M21,SA,train
BM21\BM21SAS.JPG,M21,SA,train
BM21\BM21SUHL.JPG,M21,SU,train
BM21\BM21SUHR.JPG,M21,SU,train
BM21\BM21SUS.JPG,M21,SU,train
BM22\BM22AFHL.JPG,M22,AF,train
BM22\BM22AFHR.JPG,M22,AF,train
BM22\BM22AFS.JPG,M22,AF,train
BM22\BM22ANHL.JPG,M22,AN,train
BM22\BM22ANHR.JPG,M22,AN,train
BM22\BM22ANS.JPG,M22,AN,train
BM22\BM22DIHR.JPG,M22,DI,train
BM22\BM22DIS.JPG,M22,DI,train
BM22\BM22HAHL.JPG,M22,HA,train
BM22\BM22HAHR.JPG,M22,HA,train
BM22\BM22HAS.JPG,M22,HA,train
BM22\BM22NEHL.JPG,M22,NE,train
BM22\BM22NEHR.JPG,M22,NE,train
BM22\BM22NES.JPG,M22,NE,train
BM22\BM22SAHL.JPG,M22,SA,train
BM22\BM22SAHR.JPG,M22,SA,train
BM22\BM22SAS.JPG,M22,SA,train
BM22\BM22SUHL.JPG,M22,SU,train
BM22\BM22SUHR.JPG,M22,SU,train
BM22\BM22SUS.JPG,M22,SU,train
BM23\BM23AFHL.JPG,M23,AF,train
BM23\BM23AFHR.JPG,M23,AF,train
BM23\BM23AFS.JPG,M23,AF,train
BM23\BM23ANHL.JPG,M23,AN,train
BM23\BM23ANHR.JPG,M23,AN,train
BM23\BM23ANS.JPG,M23,AN,train
BM23\BM23DIHL.JPG,M23,DI,train
BM23\BM23DIHR.JPG,M23,DI,train
BM23\BM23DIS.JPG,M23,DI,train
BM23\BM23HAHL.JPG,M23,HA,train
BM23\BM23HAHR.JPG,M23,HA,train
BM23\BM23HAS.JPG,M23,HA,train
BM23\BM23NEHL.JPG,M23,NE,train
BM23\BM23NEHR.JPG,M23,NE,train
BM23\BM23NES.JPG,M23,NE,train
BM23\BM23SAHL.JPG,M23,SA,train
BM23\BM23SAHR.JPG,M23,SA,train
BM23\BM23SAS.JPG,M23,SA,train
BM23\BM23SUHL.JPG,M23,SU,train
BM23\BM23SUHR.JPG,M23,SU,train
BM23\BM23SUS.JPG,M23,SU,train
BM24\BM24AFHL.JPG,M24,AF,train
BM24\BM24AFHR.JPG,M24,AF,train
BM24\BM24AFS.JPG,M24,AF,train
BM24\BM24ANHL.JPG,M24,AN,train
BM24\BM24ANHR.JPG,M24,AN,train
BM24\BM24ANS.JPG,M24,AN,train
BM24\BM24DIHL.JPG,M24,DI,train
BM24\BM24DIHR.JPG,M24,DI,train
BM24\BM24DIS.JPG,M24,DI,train
BM24\BM24HAHL.JPG,M24,HA,train
BM24\BM24HAHR.JPG,M24,HA,train
BM24\BM24HAS.JPG,M24,HA,train
BM24\BM24NEHL.JPG,M24,NE,train
BM24\BM24NEHR.JPG,M24,NE,train
BM24\BM24NES.JPG,M24,NE,train
BM24\BM24SAHL.JPG,M24,SA,train
BM24\BM24SAHR.JPG,M24,SA,train
BM24\BM24SAS.JPG,M24,SA,train
BM24\BM24SUHL.JPG,M24,SU,train
BM24\BM24SUHR.JPG,M24,SU,train
BM24\BM24SUS.JPG,M24,SU,train
BM25\BM25AFHL.JPG,M25,AF,train
BM25\BM25AFHR.JPG,M25,AF,train
BM25\BM25AFS.JPG,M25,AF,train
BM25\BM25ANHL.JPG,M25,AN,train
BM25\BM25ANHR.JPG,M25,AN,train
BM25\BM25ANS.JPG,M25,AN,train
BM25\BM25DIHL.JPG,M25,DI,train
BM25\BM25DIHR.JPG,M25,DI,train
BM25\BM25DIS.JPG,M25,DI,train
BM25\BM25HAHL.JPG,M25,HA,train
BM25\BM25HAHR.JPG,M25,HA,train
BM25\BM25HAS.JPG,M25,HA,train
BM25\BM25NEHL.JPG,M25,NE,train
BM25\BM25NEHR.JPG,M25,NE,train
BM25\BM25NES.JPG,M25,NE,train
BM25\BM25SAHL.JPG,M25,SA,train
BM25\BM25SAHR.JPG,M25,SA,train
BM25\BM25SAS.JPG,M25,SA,train
BM25\BM25SUHL.JPG,M25,SU,train
BM25\BM25SUHR.JPG,M25,SU,train
BM25\BM25SUS.JPG,M25,SU,train
BM26\BM26AFHL.JPG,M26,AF,train
BM26\BM26AFHR.JPG,M26,AF,train
BM26\BM26AFS.JPG,M26,AF,train
BM26\BM26ANHL.JPG,M26,AN,train
BM26\BM26ANHR.JPG,M26,AN,train
BM26\BM26ANS.JPG,M26,AN,train
BM26\BM26DIHL.JPG,M26,DI,train
BM26\BM26DIHR.JPG,M26,DI,train
BM26\BM26DIS.JPG,M26,DI,train
BM26\BM26HAHL.JPG,M26,HA,train
BM26\BM26HAHR.JPG,M26,HA,train
BM26\BM26HAS.JPG,M26,HA,train
BM26\BM26NEHL.JPG,M26,NE,train
BM26\BM26NEHR.JPG,M26,NE,train
BM26\BM26NES.JPG,M26,NE,train
BM26\BM26SAHL.JPG,M26,SA,train
BM26\BM26SAHR.JPG,M26,SA,train
BM26\BM26SAS.JPG,M26,SA,train
BM26\BM26SUHL.JPG,M26,SU,train
BM26\BM26SUHR.JPG,M26,SU,train
BM26\BM26SUS.JPG,M26,SU,train
BM27\BM27AFHL.JPG,M27,AF,val
BM27\BM27AFHR.JPG,M27,AF,val
BM27\BM27AFS.JPG,M27,AF,val
BM27\BM27ANHL.JPG,M27,AN,val
BM27\BM27ANHR.JPG,M27,AN,val
BM27\BM27ANS.JPG,M27,AN,val
BM27\BM27DIHL.JPG,M27,DI,val
BM27\BM27DIHR.JPG,M27,DI,val
BM27\BM27DIS.JPG,M27,DI,val
BM27\BM27HAHL.JPG,M27,HA,val
BM27\BM27HAHR.JPG,M27,HA,val
BM27\BM27HAS.JPG,M27,HA,val
BM27\BM27NEHL.JPG,M27,NE,val
BM27\BM27NEHR.JPG,M27,NE,val
BM27\BM27NES.JPG,M27,NE,val
BM27\BM27SAHL.JPG,M27,SA,val
BM27\BM27SAHR.JPG,M27,SA,val
BM27\BM27SAS.JPG,M27,SA,val
BM27\BM27SUHL.JPG,M27,SU,val
BM27\BM27SUHR.JPG,M27,SU,val
BM27\BM27SUS.JPG,M27,SU,val
BM28\BM28AFHL.JPG,M28,AF,train
BM28\BM28AFHR.JPG,M28,AF,train
BM28\BM28AFS.JPG,M28,AF,train
BM28\BM28ANHL.JPG,M28,AN,train
BM28\BM28ANHR.JPG,M28,AN,train
BM28\BM28ANS.JPG,M28,AN,train
BM28\BM28DIHL.JPG,M28,DI,train
BM28\BM28DIHR.JPG,M28,DI,train
BM28\BM28DIS.JPG,M28,DI,train
BM28\BM28HAHL.JPG,M28,HA,train
BM28\BM28HAHR.JPG,M28,HA,train
BM28\BM28HAS.JPG,M28,HA,train
BM28\BM28NEHL.JPG,M28,NE,train
BM28\BM28NEHR.JPG,M28,NE,train
BM28\BM28NES.JPG,M28,NE,train
BM28\BM28SAHL.JPG,M28,SA,train
BM28\BM28SAHR.JPG,M28,SA,train
BM28\BM28SAS.JPG,M28,SA,train
BM28\BM28SUHL.JPG,M28,SU,train
BM28\BM28SUHR.JPG,M28,SU,train
BM28\BM28SUS.JPG,M28,SU,train
BM29\BM29AFHL.JPG,M29,AF,train
BM29\BM29AFHR.JPG,M29,AF,train
BM29\BM29AFS.JPG,M29,AF,train
BM29\BM29ANHL.JPG,M29,AN,train
BM29\BM29ANHR.JPG,M29,AN,train
BM29\BM29ANS.JPG,M29,AN,train
BM29\BM29DIHL.JPG,M29,DI,train
BM29\BM29DIHR.JPG,M29,DI,train
BM29\BM29DIS.JPG,M29,DI,train
BM29\BM29HAHL.JPG,M29,HA,train
BM29\BM29HAHR.JPG,M29,HA,train
BM29\BM29HAS.JPG,M29,HA,train
BM29\BM29NEHL.JPG,M29,NE,train
BM29\BM29NEHR.JPG,M29,NE,train
BM29\BM29NES.JPG,M29,NE,train
BM29\BM29SAHL.JPG,M29,SA,train
BM29\BM29SAHR.JPG,M29,SA,train
BM29\BM29SAS.JPG,M29,SA,train
BM29\BM29SUHL.JPG,M29,SU,train
BM29\BM29SUHR.JPG,M29,SU,train
BM29\BM29SUS.JPG,M29,SU,train
BM30\BM30AFHL.JPG,M30,AF,train
BM30\BM30AFHR.JPG,M30,AF,train
BM30\BM30AFS.JPG,M30,AF,train
BM30\BM30ANHL.JPG,M30,AN,train
BM30\BM30ANHR.JPG,M30,AN,train
BM30\BM30ANS.JPG,M30,AN,train
BM30\BM30DIHL.JPG,M30,DI,train
BM30\BM30DIHR.JPG,M30,DI,train
BM30\BM30DIS.JPG,M30,DI,train
BM30\BM30HAHL.JPG,M30,HA,train
BM30\BM30HAHR.JPG,M30,HA,train
BM30\BM30HAS.JPG,M30,HA,train
BM30\BM30NEHL.JPG,M30,NE,train
BM30\BM30NEHR.JPG,M30,NE,train
BM30\BM30NES.JPG,M30,NE,train
BM30\BM30SAHL.JPG,M30,SA,train
BM30\BM30SAHR.JPG,M30,SA,train
BM30\BM30SAS.JPG,M30,SA,train
BM30\BM30SUHL.JPG,M30,SU,train
BM30\BM30SUHR.JPG,M30,SU,train
BM30\BM30SUS.JPG,M30,SU,train
BM31\BM31AFHL.JPG,M31,AF,train
BM31\BM31AFHR.JPG,M31,AF,train
BM31\BM31AFS.JPG,M31,AF,train
BM31\BM31ANHL.JPG,M31,AN,train
BM31\BM31ANHR.JPG,M31,AN,train
BM31\BM31ANS.JPG,M31,AN,train
BM31\BM31DIHL.JPG,M31,DI,train
BM31\BM31DIHR.JPG,M31,DI,train
BM31\BM31DIS.JPG,M31,DI,train
BM31\BM31HAHL.JPG,M31,HA,train
BM31\BM31HAHR.JPG,M31,HA,train
BM31\BM31HAS.JPG,M31,HA,train
BM31\BM31NEHL.JPG,M31,NE,train
BM31\BM31NEHR.JPG,M31,NE,train
BM31\BM31NES.JPG,M31,NE,train
BM31\BM31SAHL.JPG,M31,SA,train
BM31\BM31SAHR.JPG,M31,SA,train
BM31\BM31SAS.JPG,M31,SA,train
BM31\BM31SUHL.JPG,M31,SU,train
BM31\BM31SUHR.JPG,M31,SU,train
BM31\BM31SUS.JPG,M31,SU,train
BM32\BM32AFHL.JPG,M32,AF,test
BM32\BM32AFHR.JPG,M32,AF,test
BM32\BM32AFS.JPG,M32,AF,test
BM32\BM32ANHL.JPG,M32,AN,test
BM32\BM32ANHR.JPG,M32,AN,test
BM32\BM32ANS.JPG,M32,AN,test
BM32\BM32DIHL.JPG,M32,DI,test
BM32\BM32DIHR.JPG,M32,DI,test
BM32\BM32DIS.JPG,M32,DI,test
BM32\BM32HAHL.JPG,M32,HA,test
BM32\BM32HAHR.JPG,M32,HA,test
BM32\BM32HAS.JPG,M32,HA,test
BM32\BM32NEHL.JPG,M32,NE,test
BM32\BM32NEHR.JPG,M32,NE,test
BM32\BM32NES.JPG,M32,NE,test
BM32\BM32SAHL.JPG,M32,SA,test
BM32\BM32SAHR.JPG,M32,SA,test
BM32\BM32SAS.JPG,M32,SA,test
BM32\BM32SUHL.JPG,M32,SU,test
BM32\BM32SUHR.JPG,M32,SU,test
BM32\BM32SUS.JPG,M32,SU,test
BM33\BM33AFHL.JPG,M33,AF,test
BM33\BM33AFHR.JPG,M33,AF,test
BM33\BM33AFS.JPG,M33,AF,test
BM33\BM33ANHL.JPG,M33,AN,test
BM33\BM33ANHR.JPG,M33,AN,test
BM33\BM33ANS.JPG,M33,AN,test
BM33\BM33DIHL.JPG,M33,DI,test
BM33\BM33DIHR.JPG,M33,DI,test
BM33\BM33DIS.JPG,M33,DI,test
BM33\BM33HAHL.JPG,M33,HA,test
BM33\BM33HAHR.JPG,M33,HA,test
BM33\BM33HAS.JPG,M33,HA,test
BM33\BM33NEHL.JPG,M33,NE,test
BM33\BM33NEHR.JPG,M33,NE,test
BM33\BM33NES.JPG,M33,NE,test
BM33\BM33SAHL.JPG,M33,SA,test
BM33\BM33SAHR.JPG,M33,SA,test
BM33\BM33SAS.JPG,M33,SA,test
BM33\BM33SUHL.JPG,M33,SU,test
BM33\BM33SUHR.JPG,M33,SU,test
BM33\BM33SUS.JPG,M33,SU,test
BM34\BM34AFHL.JPG,M34,AF,val
BM34\BM34AFHR.JPG,M34,AF,val
BM34\BM34AFS.JPG,M34,AF,val
BM34\BM34ANHL.JPG,M34,AN,val
BM34\BM34ANHR.JPG,M34,AN,val
BM34\BM34ANS.JPG,M34,AN,val
BM34\BM34DIHL.JPG,M34,DI,val
BM34\BM34DIHR.JPG,M34,DI,val
BM34\BM34DIS.JPG,M34,DI,val
BM34\BM34HAHL.JPG,M34,HA,val
BM34\BM34HAHR.JPG,M34,HA,val
BM34\BM34HAS.JPG,M34,HA,val
BM34\BM34NEHL.JPG,M34,NE,val
BM34\BM34NEHR.JPG,M34,NE,val
BM34\BM34NES.JPG,M34,NE,val
BM34\BM34SAHL.JPG,M34,SA,val
BM34\BM34SAHR.JPG,M34,SA,val
BM34\BM34SAS.JPG,M34,SA,val
BM34\BM34SUHL.JPG,M34,SU,val
BM34\BM34SUHR.JPG,M34,SU,val
BM34\BM34SUS.JPG,M34,SU,val
BM35\BM35AFHL.JPG,M35,AF,train
BM35\BM35AFHR.JPG,M35,AF,train
BM35\BM35AFS.JPG,M35,AF,train
BM35\BM35ANHL.JPG,M35,AN,train
BM35\BM35ANHR.JPG,M35,AN,train
BM35\BM35ANS.JPG,M35,AN,train
BM35\BM35DIHL.JPG,M35,DI,train
BM35\BM35DIHR.JPG,M35,DI,train
BM35\BM35DIS.JPG,M35,DI,train
BM35\BM35HAHL.JPG,M35,HA,train
BM35\BM35HAHR.JPG,M35,HA,train
BM35\BM35HAS.JPG,M35,HA,train
BM35\BM35NEHL.JPG,M35,NE,train
BM35\BM35NEHR.JPG,M35,NE,train
BM35\BM35NES.JPG,M35,NE,train
BM35\BM35SAHL.JPG,M35,SA,train
BM35\BM35SAHR.JPG,M35,SA,train
BM35\BM35SAS.JPG,M35,SA,train
BM35\BM35SUHL.JPG,M35,SU,train
BM35\BM35SUHR.JPG,M35,SU,train
BM35\BM35SUS.JPG,M35,SU,train
